Group_ID,Frequency,Location_Risk,Damage_Rate,First_Report_Date,Last_Report_Date,Elapsed_Days,Final_Score
GRP_1130,72,9.9,3,2025-01-03,2026-04-28,469,123.03
GRP_2446,51,9.6,3,2025-01-11,2026-04-22,461,105.88
GRP_0126,48,10.0,3,2025-01-02,2026-04-28,470,105.46
GRP_1068,59,9.3,2,2025-01-05,2026-04-28,467,104.15
GRP_2646,48,9.6,3,2025-01-23,2026-04-20,449,103.45
GRP_0111,54,8.3,3,2025-01-05,2026-03-18,467,103.13
GRP_0145,58,9.2,2,2025-01-02,2026-04-24,470,103.08
GRP_0854,47,9.6,3,2025-01-24,2026-04-28,448,102.65
GRP_2782,52,8.5,3,2025-01-09,2026-03-28,463,102.31
GRP_2475,45,9.9,3,2025-01-28,2026-04-23,444,102.29
GRP_2218,57,9.2,2,2025-01-06,2026-04-20,466,102.26
GRP_0054,50,8.8,3,2025-01-15,2026-04-29,457,101.87
GRP_2377,58,8.9,2,2025-01-07,2026-04-24,465,101.75
GRP_0533,48,9.0,3,2025-02-17,2026-04-20,424,100.55
GRP_2819,50,8.1,3,2025-01-01,2026-04-27,471,99.37
GRP_0129,59,6.3,3,2025-01-04,2026-04-20,468,98.84
GRP_2983,48,10.0,2,2025-01-11,2026-03-28,461,98.61
GRP_0539,52,7.3,3,2025-01-01,2026-04-25,471,97.69
GRP_2552,49,9.4,2,2025-01-10,2026-04-26,462,96.98
GRP_2606,50,9.1,2,2025-01-12,2026-04-25,460,96.48
GRP_1422,45,8.3,3,2025-01-04,2026-04-24,468,96.39
GRP_0579,51,8.8,2,2025-01-08,2026-04-28,464,96.09
GRP_1636,53,8.1,2,2025-01-10,2026-04-14,462,94.8
GRP_1517,45,7.7,3,2025-01-05,2026-04-29,467,93.96
GRP_2176,54,7.5,2,2025-01-18,2026-04-27,454,92.96
GRP_1065,45,9.1,2,2025-01-08,2026-04-19,464,92.82
GRP_1408,41,7.9,3,2025-01-01,2026-04-13,471,91.83
GRP_1624,56,6.8,2,2025-01-10,2026-04-05,462,91.82
GRP_1465,47,6.7,3,2025-01-19,2026-04-25,453,91.15
GRP_0529,35,8.9,3,2025-01-14,2026-04-21,458,91.03
GRP_0726,63,5.3,2,2025-01-22,2026-04-27,450,90.86
GRP_0487,53,7.1,2,2025-01-16,2026-04-23,456,90.69
GRP_0144,41,9.3,2,2025-01-05,2026-04-20,467,90.67
GRP_1605,50,7.6,2,2025-01-05,2026-04-16,467,90.61
GRP_0869,57,4.6,3,2025-01-06,2026-04-29,466,90.54
GRP_0906,55,4.6,3,2025-01-05,2026-04-29,467,89.04
GRP_2649,47,6.1,3,2025-01-21,2026-04-20,451,88.75
GRP_0835,48,7.4,2,2025-01-10,2026-04-26,462,88.24
GRP_0439,64,2.7,3,2025-01-05,2026-04-18,467,88.22
GRP_2691,60,3.4,3,2025-01-01,2026-04-23,471,88.05
GRP_1872,55,4.3,3,2025-01-05,2026-04-25,467,87.84
GRP_0241,49,8.9,1,2025-02-01,2026-04-13,440,87.83
GRP_2060,45,9.5,1,2025-01-11,2026-04-17,461,87.7
GRP_1891,53,4.8,3,2025-02-11,2026-04-29,430,87.64
GRP_0540,44,6.3,3,2025-01-04,2026-04-29,468,87.62
GRP_2614,51,5.0,3,2025-01-06,2026-04-26,466,87.58
GRP_2240,57,3.8,3,2025-01-01,2026-04-25,471,87.44
GRP_1410,40,7.0,3,2025-01-03,2026-04-28,469,87.41
GRP_1825,42,6.6,3,2025-01-06,2026-03-10,466,87.25
GRP_0865,40,8.6,2,2025-01-07,2026-04-27,465,87.05
GRP_2527,46,7.5,2,2025-01-16,2026-04-13,456,86.97
GRP_1037,45,9.4,1,2025-01-26,2026-04-26,446,86.95
GRP_1683,43,7.8,2,2025-01-02,2026-04-19,470,86.26
GRP_2165,49,4.9,3,2025-01-02,2026-04-08,470,85.82
GRP_0101,39,8.4,2,2025-01-09,2026-04-13,463,85.5
GRP_2980,36,9.0,2,2025-01-22,2026-04-20,450,85.41
GRP_2078,50,4.6,3,2025-01-01,2026-04-28,471,85.37
GRP_2417,50,4.6,3,2025-01-06,2026-04-23,466,85.28
GRP_2692,41,9.6,1,2025-01-08,2026-04-28,464,85.13
GRP_2346,49,8.0,1,2025-01-09,2026-04-21,463,84.71
GRP_2636,41,9.4,1,2025-01-01,2026-04-12,471,84.5
GRP_0909,44,8.8,1,2025-01-05,2026-04-25,467,84.24
GRP_0286,43,7.2,2,2025-01-01,2026-04-25,471,83.83
GRP_0713,44,5.3,3,2025-01-13,2026-04-21,459,83.41
GRP_0424,48,4.5,3,2025-01-04,2026-04-21,468,83.38
GRP_2062,60,3.9,2,2025-01-03,2026-04-27,469,83.35
GRP_0343,56,6.3,1,2025-01-02,2026-04-27,470,83.34
GRP_1272,47,6.3,2,2025-01-02,2026-04-29,470,83.23
GRP_2315,50,4.1,3,2025-01-15,2026-04-17,457,83.05
GRP_0851,49,4.2,3,2025-01-08,2026-04-27,464,82.88
GRP_1773,61,2.0,3,2025-01-27,2026-04-29,445,82.67
GRP_1081,43,8.7,1,2025-01-28,2026-04-21,444,82.62
GRP_0700,63,1.5,3,2025-01-09,2026-04-16,463,82.58
GRP_1722,46,8.0,1,2025-01-08,2026-04-16,464,82.5
GRP_0284,50,7.2,1,2025-01-13,2026-04-16,459,82.17
GRP_2697,56,6.0,1,2025-01-02,2026-04-22,470,82.13
GRP_1274,49,3.9,3,2025-01-04,2026-04-19,468,81.74
GRP_0989,39,9.1,1,2025-01-04,2026-04-28,468,81.73
GRP_2961,55,4.5,2,2025-01-17,2026-04-29,455,81.71
GRP_0034,53,4.8,2,2025-01-06,2026-04-22,466,81.66
GRP_2882,56,2.4,3,2025-01-01,2026-04-28,471,81.09
GRP_0435,51,6.7,1,2025-01-22,2026-04-25,450,80.8
GRP_1453,42,6.6,2,2025-01-03,2026-04-16,469,80.63
GRP_1204,54,2.4,3,2025-01-18,2026-04-03,454,79.26
GRP_1075,44,5.9,2,2025-01-20,2026-04-05,452,79.02
GRP_0127,35,5.8,3,2025-01-01,2026-04-14,471,78.95
GRP_1169,53,4.1,2,2025-01-02,2026-04-18,470,78.93
GRP_1217,50,6.4,1,2025-01-28,2026-04-26,444,78.69
GRP_2749,49,4.8,2,2025-01-10,2026-04-24,462,78.59
GRP_2336,44,5.7,2,2025-01-05,2026-04-25,467,78.56
GRP_2121,51,2.6,3,2025-01-17,2026-04-29,455,77.8
GRP_1033,53,3.6,2,2025-01-10,2026-04-20,462,76.77
GRP_0928,56,1.3,3,2025-01-01,2026-04-20,471,76.68
GRP_1588,55,3.2,2,2025-01-12,2026-04-10,460,76.61
GRP_1757,52,3.7,2,2025-01-06,2026-04-27,466,76.5
GRP_2888,54,4.9,1,2025-01-10,2026-04-21,462,76.06
GRP_1688,37,6.3,2,2025-01-02,2026-04-16,470,75.76
GRP_2251,32,8.8,1,2025-01-10,2026-04-24,462,75.14
GRP_0288,48,2.4,3,2025-01-05,2026-04-29,467,74.98
GRP_2753,44,4.7,2,2025-01-12,2026-04-17,460,74.36
GRP_0004,43,6.5,1,2025-01-06,2026-04-21,466,74.3
GRP_2476,51,5.0,1,2025-01-13,2026-04-18,459,74.17
GRP_2424,43,4.6,2,2025-01-04,2026-04-23,468,73.4
GRP_2094,48,3.7,2,2025-01-14,2026-04-20,458,73.34
GRP_0958,39,7.0,1,2025-01-16,2026-04-24,456,73.08
GRP_0870,44,2.8,3,2025-02-10,2026-04-21,431,72.9
GRP_2941,51,4.6,1,2025-01-24,2026-04-28,448,72.29
GRP_2714,32,8.1,1,2025-01-13,2026-04-28,459,72.28
GRP_1503,36,5.6,2,2025-01-14,2026-03-09,458,71.91
GRP_2299,4,9.8,3,2025-02-05,2026-04-25,436,70.96
GRP_2162,46,5.1,1,2025-01-10,2026-04-17,462,70.82
GRP_2143,48,4.6,1,2025-01-03,2026-04-28,469,70.5
GRP_0804,48,2.9,2,2025-01-03,2026-04-27,469,70.35
GRP_0162,40,2.8,3,2025-01-19,2026-04-29,453,70.29
GRP_0644,46,4.9,1,2025-01-08,2026-04-29,464,70.13
GRP_2668,50,4.2,1,2025-01-20,2026-04-26,452,70.02
GRP_0232,3,9.9,3,2025-03-15,2025-08-14,398,69.87
GRP_2569,42,3.9,2,2025-01-01,2026-04-25,471,69.86
GRP_2629,2,9.9,3,2025-02-09,2025-10-06,432,69.81
GRP_2199,2,9.8,3,2025-01-22,2026-04-28,450,69.78
GRP_1367,46,4.8,1,2025-01-08,2026-04-18,464,69.71
GRP_2418,3,9.5,3,2025-01-04,2026-01-27,468,69.69
GRP_1988,45,5.0,1,2025-01-18,2026-04-21,454,69.51
GRP_0608,2,10.0,3,2025-03-19,2025-09-01,394,69.43
GRP_2867,47,1.2,3,2025-01-08,2026-03-31,464,69.34
GRP_2146,2,9.7,3,2025-01-24,2025-12-21,448,69.29
GRP_1244,51,2.1,2,2025-01-14,2026-04-15,458,69.2
GRP_0544,47,2.8,2,2025-01-14,2026-04-07,458,68.99
GRP_0732,43,1.8,3,2025-01-01,2026-04-23,471,68.93
GRP_0990,2,9.9,3,2025-03-26,2025-07-02,387,68.93
GRP_0210,3,9.5,3,2025-02-13,2025-09-30,428,68.82
GRP_0569,2,9.6,3,2025-02-03,2026-02-18,438,68.7
GRP_0678,2,9.7,3,2025-02-26,2026-03-09,415,68.63
GRP_0668,38,2.8,3,2025-01-31,2026-04-18,441,68.6
GRP_1185,1,9.6,3,2025-01-08,2025-01-08,464,68.49
GRP_2074,2,9.6,3,2025-03-07,2026-02-01,406,68.06
GRP_2171,1,9.4,3,2025-01-03,2025-01-03,469,67.74
GRP_2808,1,9.8,3,2025-03-27,2025-03-27,386,67.72
GRP_2099,1,9.8,3,2025-03-27,2025-03-27,386,67.7
GRP_1702,59,1.8,1,2025-01-03,2026-04-27,469,67.54
GRP_0737,35,2.9,3,2025-01-02,2026-04-20,470,67.31
GRP_0615,3,9.6,3,2025-05-24,2025-10-11,328,67.29
GRP_1525,3,9.1,3,2025-02-16,2026-03-03,425,67.17
GRP_2525,2,9.6,3,2025-04-24,2025-06-28,358,67.1
GRP_0452,3,9.2,3,2025-03-16,2025-09-17,397,67.01
GRP_1023,3,9.0,3,2025-02-07,2026-03-20,434,66.99
GRP_1371,3,9.0,3,2025-02-08,2025-12-13,433,66.97
GRP_0356,1,9.4,3,2025-02-19,2025-02-19,422,66.82
GRP_2190,1,9.9,3,2025-06-16,2025-06-16,305,66.51
GRP_0165,2,9.1,3,2025-02-26,2025-06-08,415,66.29
GRP_1779,2,10.0,3,2025-08-26,2025-11-28,234,66.21
GRP_2599,5,8.6,3,2025-03-14,2025-08-09,399,66.21
GRP_0972,1,9.3,3,2025-03-05,2025-03-05,408,66.16
GRP_1960,3,9.1,3,2025-04-13,2026-02-03,369,66.04
GRP_0377,38,3.7,2,2025-01-13,2026-04-13,459,65.88
GRP_1942,61,1.0,1,2025-01-07,2026-04-26,465,65.78
GRP_0507,1,9.2,3,2025-03-13,2025-03-13,400,65.57
GRP_2958,51,2.8,1,2025-01-03,2026-04-28,469,65.53
GRP_0091,4,8.3,3,2025-01-09,2026-02-08,463,65.53
GRP_0887,1,9.3,3,2025-04-09,2025-04-09,373,65.49
GRP_1067,2,8.9,3,2025-02-27,2025-11-23,414,65.46
GRP_0676,2,9.4,3,2025-06-11,2025-12-15,310,65.37
GRP_2619,2,9.8,3,2025-09-04,2026-02-24,225,65.21
GRP_0124,2,8.8,3,2025-02-20,2025-04-27,421,65.14
GRP_1658,5,8.5,3,2025-04-14,2025-12-20,368,65.13
GRP_0023,45,3.8,1,2025-01-02,2026-04-05,470,65.1
GRP_0570,2,9.4,3,2025-06-28,2025-09-25,293,65.01
GRP_2040,44,4.0,1,2025-01-07,2026-04-21,465,64.99
GRP_0382,2,8.6,3,2025-01-22,2025-05-02,450,64.97
GRP_2498,1,9.3,3,2025-05-12,2025-05-12,340,64.78
GRP_1448,2,9.3,3,2025-06-19,2025-10-06,302,64.76
GRP_2514,2,9.1,3,2025-05-13,2026-04-02,339,64.74
GRP_2556,2,8.8,3,2025-03-17,2026-01-01,396,64.67
GRP_1084,1,8.7,3,2025-01-20,2025-01-20,452,64.61
GRP_2372,1,9.5,3,2025-07-02,2025-07-02,289,64.61
GRP_2203,43,2.4,2,2025-01-07,2026-03-24,465,64.53
GRP_2630,1,9.8,3,2025-09-06,2025-09-06,223,64.47
GRP_1449,1,8.6,3,2025-01-17,2025-01-17,455,64.34
GRP_2678,1,9.7,3,2025-08-30,2025-08-30,230,64.21
GRP_0513,3,9.8,2,2025-01-03,2025-10-22,469,64.2
GRP_2738,2,9.4,3,2025-08-24,2025-11-03,236,63.87
GRP_2064,1,10.0,3,2025-11-15,2025-11-15,153,63.87
GRP_0962,1,9.6,3,2025-08-28,2025-08-28,232,63.85
GRP_2901,1,9.0,3,2025-05-03,2025-05-03,349,63.8
GRP_2587,3,8.8,3,2025-06-12,2025-12-13,309,63.71
GRP_0905,3,9.2,3,2025-08-30,2026-01-22,230,63.7
GRP_0573,2,8.7,3,2025-04-17,2025-04-23,365,63.68
GRP_1670,4,8.4,3,2025-05-02,2026-04-02,350,63.66
GRP_0039,4,8.2,3,2025-03-24,2026-03-07,389,63.63
GRP_2743,2,8.3,3,2025-01-29,2025-08-11,443,63.61
GRP_1665,51,2.3,1,2025-01-04,2026-04-28,468,63.56
GRP_2988,58,1.0,1,2025-01-05,2026-04-28,467,63.54
GRP_2798,45,1.8,2,2025-01-13,2026-03-13,459,63.49
GRP_2056,1,9.5,3,2025-08-30,2025-08-30,230,63.42
GRP_1281,2,8.7,3,2025-05-01,2026-04-08,351,63.41
GRP_2385,2,8.4,3,2025-03-09,2025-09-19,404,63.23
GRP_1175,3,8.6,3,2025-05-27,2026-03-01,325,63.18
GRP_1194,1,9.2,3,2025-07-12,2025-07-12,279,63.17
GRP_0647,1,9.9,3,2025-12-07,2025-12-07,131,63.03
GRP_1620,2,9.8,2,2025-01-27,2025-09-18,445,63.0
GRP_2934,1,9.0,3,2025-06-11,2025-06-11,310,62.97
GRP_2544,2,8.0,3,2025-01-09,2025-06-24,463,62.83
GRP_1583,1,8.7,3,2025-04-20,2025-04-20,362,62.82
GRP_1560,2,8.6,3,2025-05-14,2026-02-22,338,62.74
GRP_2155,3,9.9,3,2026-03-05,2026-03-24,43,62.73
GRP_1352,3,9.9,2,2025-04-09,2026-02-20,373,62.66
GRP_0070,2,8.1,3,2025-02-08,2025-05-07,433,62.64
GRP_0184,1,9.8,2,2025-01-07,2025-01-07,465,62.62
GRP_0365,51,2.1,1,2025-01-10,2026-04-27,462,62.6
GRP_2579,1,9.7,3,2025-11-20,2025-11-20,148,62.58
GRP_1782,3,8.6,3,2025-06-29,2026-03-18,292,62.57
GRP_2480,39,4.3,1,2025-01-06,2026-04-23,466,62.49
GRP_1364,2,8.8,3,2025-07-05,2025-09-14,286,62.47
GRP_1270,2,8.9,3,2025-07-28,2025-09-29,263,62.43
GRP_0566,2,8.4,3,2025-04-16,2026-01-19,366,62.43
GRP_2220,2,9.6,2,2025-01-19,2025-12-01,453,62.32
GRP_2051,1,9.5,3,2025-10-24,2025-10-24,175,62.32
GRP_2339,3,9.9,2,2025-04-28,2026-04-04,354,62.31
GRP_0250,1,10.0,3,2026-01-31,2026-01-31,76,62.28
GRP_2063,1,8.9,3,2025-07-02,2025-07-02,289,62.21
GRP_2492,2,8.7,3,2025-06-29,2025-06-30,292,62.17
GRP_0122,2,9.5,2,2025-01-11,2025-07-28,461,62.13
GRP_2206,1,9.0,3,2025-07-26,2025-07-26,265,62.12
GRP_1895,2,8.3,3,2025-04-18,2025-07-13,364,62.0
GRP_1575,3,8.4,3,2025-06-17,2026-03-30,304,61.96
GRP_2234,1,8.9,3,2025-07-18,2025-07-18,273,61.86
GRP_2921,3,9.6,2,2025-03-20,2026-03-28,393,61.86
GRP_1913,2,9.8,2,2025-03-25,2025-09-04,388,61.83
GRP_2674,3,9.2,2,2025-01-06,2026-03-31,466,61.72
GRP_1031,2,8.2,3,2025-04-15,2025-09-26,367,61.69
GRP_0489,1,8.2,3,2025-03-08,2025-03-08,405,61.66
GRP_0178,50,2.0,1,2025-01-01,2026-04-25,471,61.64
GRP_2538,1,8.4,3,2025-04-25,2025-04-25,357,61.53
GRP_1623,2,9.4,2,2025-01-22,2025-07-30,450,61.51
GRP_0079,3,9.4,2,2025-02-28,2026-01-26,413,61.48
GRP_1263,2,7.8,3,2025-02-06,2026-03-19,435,61.48
GRP_1259,1,9.8,3,2026-02-03,2026-02-03,73,61.47
GRP_2838,2,9.0,3,2025-10-06,2026-01-16,193,61.43
GRP_2021,1,9.6,3,2025-12-26,2025-12-26,112,61.41
GRP_2580,3,9.6,2,2025-04-13,2026-03-14,369,61.39
GRP_1096,2,7.9,3,2025-03-01,2025-10-19,412,61.38
GRP_1354,1,9.2,3,2025-10-12,2025-10-12,187,61.37
GRP_2522,2,7.8,3,2025-02-12,2025-09-19,429,61.33
GRP_1336,1,8.4,3,2025-05-07,2025-05-07,345,61.27
GRP_1971,2,9.7,2,2025-04-04,2025-05-15,378,61.24
GRP_0736,1,7.8,3,2025-01-09,2025-01-09,463,61.23
GRP_2213,2,7.8,3,2025-02-20,2025-11-22,421,61.19
GRP_0789,1,8.3,3,2025-04-23,2025-04-23,359,61.19
GRP_2839,2,8.8,3,2025-09-14,2026-04-17,215,61.09
GRP_2323,1,9.4,3,2025-12-05,2025-12-05,133,61.07
GRP_2271,2,8.2,3,2025-05-19,2026-02-08,333,61.04
GRP_1128,2,7.7,3,2025-02-07,2025-05-22,434,61.04
GRP_1062,2,7.9,3,2025-03-19,2025-10-02,394,61.01
GRP_1759,2,8.1,3,2025-05-03,2026-04-11,349,60.96
GRP_0964,2,7.8,3,2025-03-02,2025-04-18,411,60.95
GRP_1750,2,8.7,3,2025-08-29,2025-09-03,231,60.94
GRP_2007,2,7.9,3,2025-04-02,2025-08-13,380,60.73
GRP_1955,1,9.7,3,2026-02-20,2026-02-20,56,60.73
GRP_0183,1,9.9,3,2026-04-03,2026-04-03,14,60.65
GRP_1584,3,7.8,3,2025-04-28,2026-03-28,354,60.56
GRP_2931,2,8.3,3,2025-07-04,2026-03-12,287,60.53
GRP_0585,41,1.8,2,2025-01-14,2026-04-29,458,60.52
GRP_2306,5,6.9,3,2025-01-20,2026-03-14,452,60.43
GRP_0313,3,8.9,2,2025-01-18,2025-07-28,454,60.34
GRP_2727,41,1.7,2,2025-01-03,2026-04-25,469,60.34
GRP_1948,1,9.4,3,2026-01-13,2026-01-13,94,60.28
GRP_1125,2,10.0,2,2025-07-21,2025-08-23,270,60.26
GRP_2952,1,9.1,3,2025-11-17,2025-11-17,151,60.22
GRP_1968,1,8.5,3,2025-07-23,2025-07-23,268,60.16
GRP_2279,1,9.2,2,2025-01-14,2025-01-14,458,60.08
GRP_1567,4,7.1,3,2025-02-11,2026-02-10,430,60.08
GRP_0607,1,9.3,2,2025-02-07,2025-02-07,434,60.02
GRP_1156,1,8.7,3,2025-09-06,2025-09-06,223,60.02
GRP_0510,1,8.6,3,2025-08-22,2025-08-22,238,59.97
GRP_1105,1,9.0,3,2025-11-11,2025-11-11,157,59.95
GRP_2458,1,8.1,3,2025-05-17,2025-05-17,335,59.94
GRP_2542,1,9.2,3,2025-12-22,2025-12-22,116,59.92
GRP_2830,2,9.2,3,2026-01-30,2026-04-17,77,59.91
GRP_1456,4,8.6,2,2025-01-18,2025-08-16,454,59.86
GRP_1020,2,9.1,2,2025-02-11,2025-03-13,430,59.85
GRP_1063,2,7.6,3,2025-03-23,2026-01-28,390,59.79
GRP_1563,2,7.3,3,2025-01-20,2025-08-23,452,59.76
GRP_2391,3,8.0,3,2025-07-18,2025-12-06,273,59.74
GRP_1005,1,9.8,2,2025-06-01,2025-06-01,320,59.7
GRP_1973,1,9.3,2,2025-03-02,2025-03-02,411,59.56
GRP_0311,2,9.6,2,2025-06-10,2026-01-07,311,59.54
GRP_2972,2,7.8,3,2025-05-16,2025-11-05,336,59.49
GRP_1671,1,8.2,3,2025-06-27,2025-06-27,294,59.47
GRP_0289,1,7.3,3,2025-01-03,2025-01-03,469,59.37
GRP_0665,2,7.9,3,2025-06-09,2025-10-28,312,59.36
GRP_1865,1,9.8,2,2025-06-24,2025-06-24,297,59.31
GRP_2084,2,9.5,2,2025-06-06,2025-09-28,315,59.2
GRP_2250,1,8.5,3,2025-09-08,2025-09-08,221,59.19
GRP_2317,1,9.7,2,2025-06-08,2025-06-08,313,59.18
GRP_0119,1,10.0,2,2025-08-08,2025-08-08,252,59.16
GRP_1966,2,9.5,2,2025-06-08,2025-09-09,313,59.13
GRP_0328,1,7.5,3,2025-02-26,2025-02-26,415,59.1
GRP_0315,1,8.8,3,2025-11-12,2025-11-12,156,59.1
GRP_2648,4,8.7,2,2025-03-20,2026-03-30,393,59.07
GRP_2693,3,7.2,3,2025-03-15,2025-06-20,398,59.04
GRP_0892,3,7.6,3,2025-06-04,2026-04-19,317,59.02
GRP_2655,2,9.2,2,2025-04-17,2025-06-10,365,58.98
GRP_0446,38,3.6,1,2025-01-03,2026-04-27,469,58.98
GRP_2820,2,9.5,2,2025-06-17,2025-08-22,304,58.96
GRP_1014,2,9.0,2,2025-03-08,2026-03-19,405,58.95
GRP_0716,1,7.8,3,2025-05-05,2025-05-05,347,58.95
GRP_2722,1,9.1,2,2025-02-21,2025-02-21,420,58.92
GRP_2955,2,7.7,3,2025-05-22,2025-09-15,330,58.91
GRP_1447,1,9.1,2,2025-02-23,2025-02-23,418,58.9
GRP_2208,1,9.1,2,2025-02-24,2025-02-24,417,58.89
GRP_0664,1,8.2,3,2025-07-27,2025-07-27,264,58.88
GRP_1822,2,7.6,3,2025-05-14,2025-12-18,338,58.74
GRP_1635,3,9.0,3,2026-03-26,2026-04-09,22,58.71
GRP_1395,1,7.2,3,2025-01-17,2025-01-17,455,58.66
GRP_0299,1,8.4,3,2025-09-17,2025-09-17,212,58.64
GRP_1101,2,7.8,3,2025-06-28,2025-07-31,293,58.63
GRP_1132,2,8.7,3,2025-12-26,2026-03-10,112,58.61
GRP_0257,1,7.1,3,2025-01-04,2025-01-04,468,58.53
GRP_0317,3,8.8,2,2025-03-30,2025-09-12,383,58.5
GRP_1940,2,9.4,2,2025-06-21,2026-04-05,300,58.5
GRP_0867,2,9.1,2,2025-04-23,2026-03-23,359,58.49
GRP_0749,2,10.0,2,2025-10-19,2026-01-24,180,58.49
GRP_0997,1,7.1,3,2025-01-07,2025-01-07,465,58.47
GRP_1743,2,8.7,3,2025-12-31,2026-04-20,107,58.45
GRP_0891,1,9.7,2,2025-07-17,2025-07-17,274,58.44
GRP_1932,1,9.3,3,2026-03-26,2026-03-26,22,58.42
GRP_0796,2,8.4,3,2025-11-08,2026-03-06,160,58.35
GRP_2975,2,7.0,3,2025-02-03,2025-05-24,438,58.28
GRP_1729,1,7.7,3,2025-05-20,2025-05-20,332,58.26
GRP_2698,2,7.9,3,2025-08-07,2026-02-18,253,58.23
GRP_2031,1,10.0,2,2025-09-24,2025-09-24,205,58.2
GRP_0932,1,8.4,3,2025-10-11,2025-10-11,188,58.17
GRP_0490,1,9.2,2,2025-04-20,2025-04-20,362,58.15
GRP_2593,3,9.3,2,2025-07-25,2026-03-23,266,58.14
GRP_1527,2,7.6,3,2025-06-10,2026-04-29,311,58.13
GRP_0308,1,7.7,3,2025-05-31,2025-05-31,321,58.05
GRP_2044,2,9.2,2,2025-06-03,2025-11-04,318,58.04
GRP_1202,2,8.5,2,2025-01-19,2025-02-11,453,57.97
GRP_1871,2,6.9,3,2025-01-30,2025-06-20,442,57.96
GRP_0460,1,8.0,3,2025-08-04,2025-08-04,256,57.94
GRP_2482,3,8.3,2,2025-01-19,2025-09-22,453,57.92
GRP_1418,45,2.0,1,2025-01-02,2026-04-29,470,57.89
GRP_2754,2,7.2,3,2025-04-05,2025-11-17,377,57.86
GRP_0753,2,8.5,2,2025-01-23,2025-11-24,449,57.85
GRP_0637,2,9.9,2,2025-11-02,2026-04-25,166,57.83
GRP_0445,1,8.6,2,2025-01-08,2025-01-08,464,57.79
GRP_0325,2,9.3,2,2025-07-08,2026-03-12,283,57.74
GRP_1070,42,2.7,1,2025-02-09,2026-04-19,432,57.68
GRP_0874,1,7.0,3,2025-02-01,2025-02-01,440,57.59
GRP_2524,2,8.4,2,2025-01-16,2026-04-20,456,57.59
GRP_2001,1,9.8,2,2025-09-15,2025-09-15,214,57.58
GRP_1439,41,2.8,1,2025-01-28,2026-04-29,444,57.56
GRP_1643,2,8.6,2,2025-02-28,2025-09-17,413,57.53
GRP_0813,3,9.9,1,2025-01-25,2025-07-28,447,57.5
GRP_0060,2,7.8,3,2025-08-22,2026-04-24,238,57.49
GRP_1222,2,7.1,3,2025-04-06,2025-12-22,376,57.45
GRP_1959,3,8.2,2,2025-01-23,2025-12-28,449,57.44
GRP_0449,3,8.6,2,2025-04-12,2025-11-12,370,57.41
GRP_0432,1,8.7,2,2025-02-20,2025-02-20,421,57.39
GRP_2295,1,8.7,2,2025-02-19,2025-02-19,422,57.38
GRP_2735,2,9.9,2,2025-11-24,2026-01-02,144,57.37
GRP_1592,1,7.1,3,2025-03-04,2025-03-04,409,57.36
GRP_2761,2,8.5,2,2025-02-17,2025-05-20,424,57.35
GRP_0820,1,8.1,3,2025-09-24,2025-09-24,205,57.32
GRP_2222,1,8.2,3,2025-10-15,2025-10-15,184,57.31
GRP_0711,2,7.7,3,2025-08-13,2025-12-09,247,57.3
GRP_1232,2,7.8,3,2025-09-02,2025-09-10,227,57.26
GRP_2469,4,8.5,2,2025-05-10,2026-02-12,342,57.25
GRP_2543,1,7.0,3,2025-02-17,2025-02-17,424,57.25
GRP_0273,1,6.8,3,2025-01-11,2025-01-11,461,57.23
GRP_0344,1,8.5,3,2025-12-18,2025-12-18,120,57.22
GRP_2452,1,10.0,2,2025-11-13,2025-11-13,155,57.21
GRP_0559,1,9.5,2,2025-08-08,2025-08-08,252,57.16
GRP_2813,4,6.5,3,2025-03-09,2026-01-23,404,57.14
GRP_1853,49,1.2,1,2025-01-28,2026-04-21,444,57.13
GRP_1057,44,2.0,1,2025-01-02,2026-04-14,470,57.12
GRP_0033,1,9.0,3,2026-04-03,2026-04-03,14,57.12
GRP_0434,3,8.6,2,2025-04-30,2026-04-29,352,57.1
GRP_1385,3,8.0,3,2025-12-01,2026-04-08,137,57.07
GRP_2596,2,7.0,3,2025-04-07,2026-01-10,375,57.06
GRP_2310,2,8.7,2,2025-04-15,2026-03-19,367,57.02
GRP_1674,1,9.5,2,2025-08-16,2025-08-16,244,57.01
GRP_0086,3,8.0,2,2025-01-05,2026-02-23,467,57.0
GRP_2516,2,8.4,2,2025-02-17,2025-12-21,424,56.99
GRP_2258,2,7.5,3,2025-07-19,2026-03-03,272,56.98
GRP_0893,2,8.9,2,2025-05-28,2026-03-19,324,56.93
GRP_2824,3,6.4,3,2025-01-23,2026-02-17,449,56.9
GRP_1372,1,7.5,3,2025-06-19,2025-06-19,302,56.88
GRP_2343,1,9.7,2,2025-09-30,2025-09-30,199,56.88
GRP_2520,43,2.2,1,2025-01-19,2026-04-15,453,56.86
GRP_1954,2,7.4,3,2025-07-08,2025-10-02,283,56.83
GRP_2635,1,7.5,3,2025-06-21,2025-06-21,300,56.79
GRP_1912,3,6.6,3,2025-03-12,2026-01-17,401,56.75
GRP_0488,2,7.0,3,2025-05-01,2026-01-17,351,56.61
GRP_2573,1,7.5,3,2025-06-29,2025-06-29,292,56.61
GRP_1293,3,7.5,3,2025-09-13,2026-01-19,216,56.6
GRP_1546,2,9.4,2,2025-09-26,2026-03-12,203,56.58
GRP_1535,1,6.6,3,2025-01-04,2025-01-04,468,56.57
GRP_0951,1,8.7,3,2026-02-27,2026-02-27,49,56.56
GRP_1694,1,7.2,3,2025-05-05,2025-05-05,347,56.55
GRP_0251,1,9.0,2,2025-05-31,2025-05-31,321,56.53
GRP_1172,1,8.2,3,2025-11-21,2025-11-21,147,56.52
GRP_1817,2,9.6,2,2025-11-05,2026-01-16,163,56.52
GRP_1478,1,6.8,3,2025-02-17,2025-02-17,424,56.48
GRP_1840,1,7.5,3,2025-07-11,2025-07-11,280,56.37
GRP_0901,1,7.7,3,2025-08-21,2025-08-21,239,56.36
GRP_0125,1,9.1,2,2025-07-02,2025-07-02,289,56.35
GRP_0910,2,8.8,2,2025-06-10,2026-03-20,311,56.33
GRP_0917,3,7.9,2,2025-01-18,2025-03-26,454,56.3
GRP_0571,1,8.4,3,2026-01-13,2026-01-13,94,56.29
GRP_1256,1,7.2,3,2025-05-18,2025-05-18,334,56.27
GRP_1011,1,7.8,3,2025-09-15,2025-09-15,214,56.26
GRP_2858,1,8.2,3,2025-12-04,2025-12-04,134,56.25
GRP_1552,1,9.9,1,2025-01-16,2025-01-16,456,56.22
GRP_2272,2,6.4,3,2025-01-20,2025-07-13,452,56.19
GRP_2223,48,1.0,1,2025-01-01,2026-04-29,471,56.17
GRP_1304,1,7.1,3,2025-05-06,2025-05-06,346,56.16
GRP_2779,2,9.9,1,2025-02-26,2025-05-22,415,56.1
GRP_0362,1,7.7,3,2025-09-07,2025-09-07,222,56.04
GRP_1308,3,8.6,2,2025-06-22,2026-01-31,299,56.03
GRP_2609,3,6.5,3,2025-03-28,2025-12-02,385,56.0
GRP_2221,1,9.8,2,2025-12-10,2025-12-10,128,55.92
GRP_1798,2,9.8,1,2025-02-15,2026-03-17,426,55.92
GRP_2965,1,10.0,1,2025-02-17,2025-02-17,424,55.91
GRP_0769,2,8.5,2,2025-05-03,2026-03-17,349,55.9
GRP_2539,1,8.1,2,2025-01-10,2025-01-10,462,55.76
GRP_2331,2,7.0,3,2025-06-14,2025-08-21,307,55.73
GRP_2491,2,8.8,2,2025-07-11,2025-10-16,280,55.72
GRP_1873,2,6.7,3,2025-04-14,2026-03-26,368,55.7
GRP_0407,2,8.1,2,2025-02-20,2025-11-29,421,55.68
GRP_2954,1,7.5,3,2025-08-16,2025-08-16,244,55.67
GRP_2172,2,8.3,2,2025-04-03,2026-01-30,379,55.66
GRP_1823,2,9.9,1,2025-03-22,2025-05-30,391,55.65
GRP_0594,1,9.7,1,2025-01-03,2025-01-03,469,55.63
GRP_0345,1,8.0,3,2025-11-26,2025-11-26,142,55.61
GRP_1038,1,6.8,3,2025-03-31,2025-03-31,382,55.61
GRP_0077,1,8.2,3,2026-01-07,2026-01-07,100,55.59
GRP_1463,1,8.8,2,2025-06-11,2025-06-11,310,55.57
GRP_2959,3,6.2,3,2025-02-16,2025-10-16,425,55.56
GRP_2759,1,8.3,3,2026-01-29,2026-01-29,78,55.53
GRP_1950,2,9.6,1,2025-01-27,2025-03-19,445,55.52
GRP_2462,2,8.7,2,2025-06-29,2025-07-18,292,55.5
GRP_0466,2,8.8,2,2025-07-22,2026-04-18,269,55.49
GRP_2126,3,8.5,2,2025-06-27,2026-03-20,294,55.49
GRP_2311,1,9.6,2,2025-11-19,2025-11-19,149,55.48
GRP_1927,1,7.3,3,2025-07-21,2025-07-21,270,55.43
GRP_0457,2,9.1,2,2025-09-24,2025-10-11,205,55.38
GRP_1392,3,6.2,3,2025-03-02,2025-10-06,411,55.34
GRP_0223,2,8.3,2,2025-04-21,2025-12-09,361,55.33
GRP_1556,2,9.2,2,2025-10-18,2026-01-13,181,55.32
GRP_0971,1,8.9,2,2025-07-16,2025-07-16,275,55.27
GRP_1866,2,7.0,3,2025-07-06,2026-01-30,285,55.21
GRP_0205,1,8.8,2,2025-06-28,2025-06-28,293,55.15
GRP_2153,2,7.8,3,2025-12-18,2026-02-22,120,55.11
GRP_2776,4,9.3,1,2025-03-04,2025-07-06,409,55.1
GRP_1098,1,8.4,2,2025-04-13,2025-04-13,369,55.08
GRP_0051,1,8.2,3,2026-02-02,2026-02-02,74,55.06
GRP_0473,46,1.1,1,2025-01-02,2026-04-28,470,55.05
GRP_0454,1,6.9,3,2025-05-25,2025-05-25,327,54.98
GRP_0593,2,9.5,2,2026-01-05,2026-04-11,102,54.94
GRP_0465,1,8.4,2,2025-04-25,2025-04-25,357,54.84
GRP_2423,2,7.9,3,2026-01-23,2026-03-26,84,54.81
GRP_1399,3,7.6,2,2025-02-04,2026-03-09,437,54.75
GRP_1139,1,8.2,3,2026-02-20,2026-02-20,56,54.73
GRP_2637,3,6.2,3,2025-04-01,2026-02-08,381,54.72
GRP_0567,2,8.8,2,2025-08-30,2026-02-13,230,54.71
GRP_2626,1,8.1,3,2026-02-02,2026-02-02,74,54.69
GRP_1397,2,7.0,3,2025-08-05,2025-12-27,255,54.68
GRP_2409,2,8.0,2,2025-03-28,2026-01-16,385,54.62
GRP_1634,1,8.0,2,2025-02-18,2025-02-18,423,54.6
GRP_1338,2,8.7,2,2025-08-14,2025-12-11,246,54.59
GRP_1289,1,8.4,2,2025-05-07,2025-05-07,345,54.59
GRP_1233,2,6.7,3,2025-06-07,2025-10-28,314,54.59
GRP_2852,1,6.8,3,2025-05-22,2025-05-22,330,54.57
GRP_0037,2,7.5,3,2025-11-19,2026-04-05,149,54.56
GRP_2263,1,7.7,3,2025-11-20,2025-11-20,148,54.52
GRP_0605,1,6.9,3,2025-06-14,2025-06-14,307,54.52
GRP_0195,2,7.8,2,2025-02-20,2026-02-12,421,54.5
GRP_1473,1,8.0,2,2025-02-24,2025-02-24,417,54.47
GRP_0047,2,8.9,2,2025-10-02,2026-03-13,197,54.44
GRP_1647,1,8.2,3,2026-03-08,2026-03-08,40,54.37
GRP_2701,2,8.4,2,2025-07-03,2026-04-27,288,54.28
GRP_1047,2,7.5,2,2025-01-01,2025-09-09,471,54.27
GRP_0018,2,7.7,2,2025-02-11,2025-02-20,430,54.25
GRP_2265,1,8.2,2,2025-04-15,2025-04-15,367,54.25
GRP_0503,1,9.6,1,2025-02-25,2025-02-25,416,54.21
GRP_2038,2,7.9,2,2025-03-29,2025-09-24,384,54.13
GRP_2471,2,9.6,2,2026-03-08,2026-04-16,40,54.05
GRP_1180,1,9.6,2,2026-02-02,2026-02-02,74,54.05
GRP_0635,1,8.3,3,2026-04-16,2026-04-16,1,54.02
GRP_2456,1,8.2,3,2026-03-27,2026-03-27,21,54.01
GRP_2760,2,6.5,3,2025-05-30,2025-12-23,322,54.0
GRP_2396,2,9.1,2,2025-12-05,2025-12-05,133,53.96
GRP_2685,1,8.9,2,2025-09-17,2025-09-17,212,53.93
GRP_0071,2,9.2,1,2025-01-29,2025-05-28,443,53.91
GRP_0464,2,8.8,2,2025-10-07,2025-12-04,192,53.89
GRP_0512,1,9.5,2,2026-01-20,2026-01-20,87,53.89
GRP_2151,1,6.7,3,2025-06-08,2025-06-08,313,53.88
GRP_0471,1,9.7,2,2026-03-01,2026-03-01,47,53.86
GRP_1708,2,9.9,1,2025-06-21,2025-09-22,300,53.85
GRP_1824,1,6.2,3,2025-02-28,2025-02-28,413,53.85
GRP_2841,1,8.2,3,2026-04-06,2026-04-06,11,53.84
GRP_1095,2,7.4,2,2025-01-04,2025-02-23,468,53.82
GRP_1554,3,5.9,3,2025-03-20,2026-04-22,393,53.79
GRP_1978,1,9.3,2,2025-12-17,2025-12-17,121,53.78
GRP_0745,2,7.9,2,2025-04-19,2025-05-28,363,53.72
GRP_2137,1,7.7,3,2025-12-31,2025-12-31,107,53.72
GRP_0059,1,8.8,2,2025-09-11,2025-09-11,218,53.72
GRP_2499,1,8.0,3,2026-03-01,2026-03-01,47,53.7
GRP_0557,2,6.8,3,2025-08-14,2025-10-03,246,53.63
GRP_1484,3,7.3,2,2025-02-02,2026-01-03,439,53.58
GRP_2142,1,9.4,1,2025-02-18,2025-02-18,423,53.52
GRP_2347,2,8.8,2,2025-10-27,2025-11-26,172,53.52
GRP_0793,1,9.8,1,2025-05-10,2025-05-10,342,53.51
GRP_0857,1,7.9,3,2026-02-20,2026-02-20,56,53.5
GRP_0153,2,9.8,1,2025-06-19,2026-02-04,302,53.44
GRP_0025,1,7.6,3,2025-12-27,2025-12-27,111,53.43
GRP_1072,1,8.9,2,2025-10-14,2025-10-14,185,53.39
GRP_2097,2,7.4,2,2025-01-28,2025-11-21,444,53.38
GRP_1190,2,8.9,2,2025-11-24,2026-02-18,144,53.37
GRP_0363,4,7.4,2,2025-04-12,2026-03-31,370,53.37
GRP_0491,3,5.9,3,2025-04-15,2025-12-01,367,53.25
GRP_0493,4,8.6,1,2025-01-19,2026-03-15,453,53.14
GRP_0123,2,7.3,2,2025-01-18,2026-02-13,454,53.14
GRP_1965,4,7.3,2,2025-04-03,2025-12-28,379,53.13
GRP_1080,2,8.9,1,2025-01-08,2025-06-26,464,53.11
GRP_0236,1,9.3,2,2026-01-18,2026-01-18,89,53.11
GRP_2357,1,9.7,2,2026-04-11,2026-04-11,6,53.09
GRP_0695,3,9.4,1,2025-05-26,2025-07-15,326,53.08
GRP_1889,1,8.2,2,2025-06-17,2025-06-17,304,53.05
GRP_2650,1,9.3,1,2025-02-24,2025-02-24,417,52.99
GRP_0342,1,8.1,3,2026-04-28,2026-04-28,-11,52.97
GRP_0628,1,9.9,1,2025-06-27,2025-06-27,294,52.95
GRP_0259,1,6.6,3,2025-07-02,2025-07-02,289,52.94
GRP_1189,1,8.5,2,2025-08-21,2025-08-21,239,52.94
GRP_2829,1,7.9,2,2025-04-25,2025-04-25,357,52.87
GRP_1187,1,9.0,2,2025-12-01,2025-12-01,137,52.86
GRP_0710,2,9.0,1,2025-02-10,2025-07-12,431,52.86
GRP_2513,1,5.9,3,2025-02-20,2025-02-20,421,52.85
GRP_2912,1,6.3,3,2025-05-14,2025-05-14,338,52.79
GRP_0035,1,8.5,2,2025-08-26,2025-08-26,234,52.78
GRP_2030,1,5.7,3,2025-01-12,2025-01-12,460,52.77
GRP_0876,1,7.2,3,2025-11-10,2025-11-10,158,52.76
GRP_1300,2,7.3,2,2025-02-09,2025-09-03,432,52.74
GRP_2237,2,6.0,3,2025-04-23,2025-08-17,359,52.74
GRP_1024,1,8.8,2,2025-10-31,2025-10-31,168,52.69
GRP_0212,3,7.4,2,2025-04-11,2026-04-23,371,52.69
GRP_1772,1,8.7,2,2025-10-10,2025-10-10,189,52.68
GRP_1297,2,10.0,1,2025-09-07,2025-12-15,222,52.67
GRP_1475,1,9.4,1,2025-04-01,2025-04-01,381,52.65
GRP_2130,2,9.9,1,2025-08-22,2026-02-07,238,52.62
GRP_1017,1,8.5,2,2025-09-05,2025-09-05,224,52.61
GRP_2212,2,8.8,2,2025-12-12,2026-02-19,126,52.61
GRP_0221,1,7.0,3,2025-10-16,2025-10-16,183,52.48
GRP_2765,1,8.3,2,2025-08-05,2025-08-05,255,52.45
GRP_2948,1,8.4,2,2025-08-23,2025-08-23,237,52.45
GRP_2928,1,6.5,3,2025-07-14,2025-07-14,277,52.34
GRP_1271,1,6.8,3,2025-09-11,2025-09-11,218,52.32
GRP_2574,2,7.4,2,2025-03-27,2025-08-16,386,52.21
GRP_0319,3,9.7,1,2025-09-09,2026-02-16,220,52.19
GRP_1704,1,7.5,3,2026-02-09,2026-02-09,67,52.12
GRP_1035,4,5.2,3,2025-02-27,2025-12-27,414,52.09
GRP_2740,1,9.0,1,2025-02-12,2025-02-12,429,52.06
GRP_0458,2,8.5,2,2025-11-13,2026-02-27,155,52.02
GRP_2567,2,6.1,3,2025-06-26,2026-01-05,295,51.83
GRP_0048,3,8.6,2,2026-01-19,2026-04-21,88,51.82
GRP_2611,1,9.5,1,2025-06-02,2025-06-02,319,51.81
GRP_2623,1,7.0,3,2025-11-17,2025-11-17,151,51.8
GRP_0564,4,9.4,1,2025-09-06,2026-04-24,223,51.79
GRP_0904,2,7.4,3,2026-03-15,2026-03-29,33,51.79
GRP_0738,2,7.6,2,2025-05-27,2026-03-29,325,51.77
GRP_0894,3,6.6,3,2025-11-16,2026-04-20,152,51.71
GRP_2207,1,8.9,2,2026-01-09,2026-01-09,98,51.7
GRP_1834,2,5.7,3,2025-04-15,2025-12-12,367,51.68
GRP_0076,1,9.3,1,2025-05-02,2025-05-02,350,51.67
GRP_1216,41,1.2,1,2025-01-04,2026-04-25,468,51.66
GRP_1074,3,5.5,3,2025-04-13,2025-10-14,369,51.65
GRP_1919,2,6.2,3,2025-07-26,2026-04-24,265,51.64
GRP_1699,1,9.3,2,2026-04-03,2026-04-03,14,51.62
GRP_0043,1,8.8,1,2025-01-24,2025-01-24,448,51.6
GRP_0014,1,9.6,1,2025-07-07,2025-07-07,284,51.54
GRP_1876,1,9.0,2,2026-02-07,2026-02-07,69,51.51
GRP_2792,1,7.1,2,2025-01-22,2025-01-22,450,51.51
GRP_2942,1,8.3,2,2025-09-25,2025-09-25,204,51.45
GRP_0093,1,5.4,3,2025-01-23,2025-01-23,449,51.42
GRP_0978,1,7.0,2,2025-01-09,2025-01-09,463,51.37
GRP_1160,1,9.0,2,2026-02-15,2026-02-15,61,51.35
GRP_0675,3,5.8,3,2025-07-02,2026-03-04,289,51.32
GRP_2904,1,9.4,1,2025-06-08,2025-06-08,313,51.3
GRP_2298,1,7.4,2,2025-04-04,2025-04-04,378,51.26
GRP_0438,2,9.6,1,2025-08-29,2025-12-13,231,51.25
GRP_1018,1,9.1,1,2025-04-15,2025-04-15,367,51.24
GRP_0417,1,9.3,2,2026-04-23,2026-04-23,-6,51.24
GRP_0792,3,9.0,1,2025-06-07,2025-10-28,314,51.23
GRP_1826,1,7.8,2,2025-06-28,2025-06-28,293,51.2
GRP_2139,1,6.7,3,2025-10-21,2025-10-21,178,51.2
GRP_2141,1,9.1,2,2026-03-14,2026-03-14,34,51.19
GRP_2360,2,6.9,2,2025-02-04,2025-12-03,437,51.19
GRP_1107,3,5.7,3,2025-06-20,2025-11-03,301,51.15
GRP_0105,2,8.7,1,2025-03-08,2025-10-26,405,51.13
GRP_1215,1,8.1,2,2025-09-01,2025-09-01,228,51.13
GRP_1423,2,6.2,3,2025-08-22,2026-04-07,238,51.09
GRP_2381,2,7.2,2,2025-04-12,2025-11-05,370,51.08
GRP_1952,1,6.0,3,2025-06-10,2025-06-10,311,51.05
GRP_0186,1,8.0,2,2025-08-13,2025-08-13,247,51.05
GRP_1390,2,8.8,1,2025-03-30,2026-02-17,383,51.04
GRP_1953,1,7.1,2,2025-02-18,2025-02-18,423,51.03
GRP_2427,1,10.0,1,2025-10-25,2025-10-25,174,50.98
GRP_2150,1,6.1,3,2025-07-04,2025-07-04,287,50.97
GRP_0331,1,7.3,3,2026-02-28,2026-02-28,48,50.97
GRP_2521,1,6.1,3,2025-07-03,2025-07-03,288,50.96
GRP_0506,1,9.3,1,2025-06-08,2025-06-08,313,50.94
GRP_2985,1,5.6,3,2025-03-29,2025-03-29,384,50.91
GRP_0006,1,6.4,3,2025-09-02,2025-09-02,227,50.91
GRP_0630,1,8.5,1,2025-01-02,2025-01-02,470,50.86
GRP_0062,2,8.2,2,2025-11-09,2026-04-16,159,50.86
GRP_2312,1,9.1,1,2025-05-05,2025-05-05,347,50.84
GRP_2545,2,5.5,3,2025-04-19,2026-01-25,363,50.82
GRP_1783,3,8.5,1,2025-03-20,2025-09-10,393,50.79
GRP_1454,1,8.8,1,2025-03-10,2025-03-10,403,50.75
GRP_2549,2,5.4,3,2025-04-08,2026-03-10,374,50.66
GRP_2906,2,7.8,2,2025-08-30,2025-09-08,230,50.66
GRP_1427,1,8.4,2,2025-11-24,2025-11-24,144,50.64
GRP_1937,3,5.0,3,2025-02-25,2025-12-22,416,50.64
GRP_1587,1,8.5,2,2025-12-13,2025-12-13,125,50.61
GRP_0440,2,6.9,2,2025-03-07,2025-03-13,406,50.6
GRP_2268,2,8.4,1,2025-02-04,2025-09-10,437,50.59
GRP_2578,2,7.1,3,2026-03-17,2026-04-07,31,50.58
GRP_1502,1,10.0,1,2025-11-16,2025-11-16,152,50.52
GRP_1945,2,8.5,1,2025-02-27,2025-05-12,414,50.51
GRP_1690,1,9.0,2,2026-04-01,2026-04-01,16,50.49
GRP_1040,1,8.2,2,2025-10-20,2025-10-20,179,50.47
GRP_0303,1,8.9,2,2026-03-10,2026-03-10,38,50.47
GRP_1961,2,8.3,1,2025-01-19,2025-07-21,453,50.44
GRP_1715,2,5.4,3,2025-04-18,2025-09-01,364,50.44
GRP_1846,2,6.8,3,2026-01-21,2026-02-01,86,50.43
GRP_1762,31,2.8,1,2025-01-09,2026-04-29,463,50.43
GRP_1426,1,6.3,3,2025-09-09,2025-09-09,220,50.41
GRP_2374,1,5.1,3,2025-01-12,2025-01-12,460,50.39
GRP_2410,3,6.9,2,2025-04-24,2025-09-11,358,50.37
GRP_1249,1,7.3,3,2026-03-30,2026-03-30,18,50.37
GRP_1324,2,6.9,2,2025-03-20,2026-02-07,393,50.33
GRP_1786,1,5.6,3,2025-04-24,2025-04-24,358,50.33
GRP_1748,1,8.7,2,2026-02-07,2026-02-07,69,50.33
GRP_2723,3,9.4,1,2025-10-11,2026-01-25,188,50.33
GRP_2872,1,6.9,2,2025-02-14,2025-02-14,427,50.29
GRP_0280,3,5.4,3,2025-06-01,2025-08-30,320,50.28
GRP_1631,3,8.3,1,2025-03-06,2025-09-20,407,50.27
GRP_2214,2,8.5,1,2025-03-12,2026-01-10,401,50.25
GRP_0136,1,6.3,3,2025-09-17,2025-09-17,212,50.25
GRP_2565,2,5.8,3,2025-07-14,2025-10-19,277,50.25
GRP_1490,1,7.7,2,2025-07-27,2025-07-27,264,50.24
GRP_1228,1,5.3,3,2025-02-28,2025-02-28,413,50.23
GRP_1483,1,5.9,3,2025-06-28,2025-06-28,293,50.23
GRP_0433,1,7.4,2,2025-05-27,2025-05-27,325,50.21
GRP_1689,2,8.2,1,2025-01-14,2025-07-02,458,50.21
GRP_1248,2,8.6,1,2025-04-04,2026-02-17,378,50.17
GRP_1639,4,6.2,2,2025-01-23,2026-04-05,449,50.17
GRP_1170,1,5.9,3,2025-07-03,2025-07-03,288,50.16
GRP_2393,1,5.9,3,2025-07-04,2025-07-04,287,50.15
GRP_0158,1,9.0,1,2025-05-18,2025-05-18,334,50.14
GRP_2434,1,8.8,2,2026-03-08,2026-03-08,40,50.11
GRP_2920,3,7.2,2,2025-07-05,2026-03-10,286,50.11
GRP_1305,4,8.0,1,2025-02-22,2025-12-30,419,50.08
GRP_0019,1,8.5,1,2025-02-10,2025-02-10,431,50.07
GRP_2737,1,7.0,3,2026-02-12,2026-02-12,64,50.06
GRP_0482,1,7.2,3,2026-03-26,2026-03-26,22,50.05
GRP_0207,1,8.3,2,2025-12-02,2025-12-02,136,50.04
GRP_0831,2,6.6,2,2025-02-06,2025-06-06,435,50.0
GRP_2935,2,7.3,2,2025-06-23,2026-04-25,298,50.0
GRP_1613,1,9.3,1,2025-07-26,2025-07-26,265,49.98
GRP_0152,1,6.4,3,2025-10-19,2025-10-19,180,49.97
GRP_1206,1,7.8,2,2025-08-29,2025-08-29,231,49.96
GRP_2696,1,5.7,3,2025-06-02,2025-06-02,319,49.95
GRP_0267,1,6.4,3,2025-10-23,2025-10-23,176,49.93
GRP_1126,2,7.1,2,2025-05-19,2025-11-10,333,49.9
GRP_0578,1,6.3,3,2025-10-09,2025-10-09,190,49.77
GRP_0531,2,4.9,3,2025-02-08,2025-05-03,433,49.77
GRP_0743,3,6.2,2,2025-01-05,2025-12-05,467,49.74
GRP_1435,1,6.8,2,2025-02-19,2025-02-19,422,49.74
GRP_1161,2,8.7,1,2025-05-18,2025-07-05,334,49.69
GRP_0645,2,7.7,2,2025-10-01,2025-10-14,198,49.67
GRP_1651,1,8.6,2,2026-02-21,2026-02-21,55,49.63
GRP_0055,2,5.2,3,2025-04-22,2025-05-09,360,49.58
GRP_0097,2,8.2,1,2025-02-14,2025-12-25,427,49.56
GRP_1905,2,8.8,1,2025-06-16,2025-12-20,305,49.55
GRP_0787,1,5.1,3,2025-02-23,2025-02-23,418,49.55
GRP_0146,1,5.7,3,2025-06-24,2025-06-24,297,49.55
GRP_0329,1,6.4,3,2025-11-12,2025-11-12,156,49.54
GRP_2953,3,8.6,1,2025-06-12,2026-02-17,309,49.52
GRP_2577,1,6.2,3,2025-10-07,2025-10-07,192,49.46
GRP_2639,2,4.9,3,2025-02-27,2025-05-11,414,49.46
GRP_2951,1,9.8,1,2025-11-28,2025-11-28,140,49.45
GRP_1251,3,6.9,2,2025-06-13,2026-03-10,308,49.38
GRP_0798,1,6.1,3,2025-09-22,2025-09-22,207,49.38
GRP_0002,1,8.0,2,2025-11-07,2025-11-07,161,49.37
GRP_0012,5,4.3,3,2025-02-25,2026-04-04,416,49.35
GRP_0391,1,5.9,3,2025-08-15,2025-08-15,245,49.31
GRP_0842,2,8.0,1,2025-01-17,2025-05-03,455,49.29
GRP_2509,2,5.8,3,2025-09-02,2025-09-20,227,49.26
GRP_1462,1,6.8,2,2025-03-21,2025-03-21,392,49.18
GRP_0087,1,5.0,3,2025-02-24,2025-02-24,417,49.15
GRP_0669,1,7.9,2,2025-11-02,2025-11-02,166,49.09
GRP_2358,1,6.4,3,2025-12-08,2025-12-08,130,49.02
GRP_0618,1,7.0,2,2025-05-10,2025-05-10,342,48.98
GRP_1551,2,8.3,2,2026-03-02,2026-04-03,46,48.97
GRP_0050,1,5.4,3,2025-05-26,2025-05-26,326,48.96
GRP_0270,1,6.6,2,2025-02-20,2025-02-20,421,48.94
GRP_0801,2,5.2,3,2025-05-24,2025-08-21,328,48.93
GRP_1396,3,4.9,3,2025-04-29,2026-04-24,353,48.92
GRP_2532,2,6.7,2,2025-04-22,2026-02-01,360,48.88
GRP_0003,2,5.2,3,2025-05-27,2025-08-25,325,48.86
GRP_1944,1,6.7,2,2025-03-16,2025-03-16,397,48.84
GRP_0052,1,9.0,1,2025-07-22,2025-07-22,269,48.84
GRP_2695,1,8.2,2,2026-01-12,2026-01-12,95,48.82
GRP_0931,1,4.7,3,2025-01-10,2025-01-10,462,48.8
GRP_1113,1,5.6,3,2025-07-11,2025-07-11,280,48.78
GRP_1505,1,9.6,1,2025-11-28,2025-11-28,140,48.7
GRP_1797,1,7.0,3,2026-04-24,2026-04-24,-7,48.7
GRP_2982,3,6.1,3,2026-01-08,2026-04-12,99,48.68
GRP_1526,1,8.4,1,2025-04-01,2025-04-01,381,48.67
GRP_1450,2,6.6,2,2025-04-18,2025-09-21,364,48.55
GRP_1058,1,6.4,3,2025-12-29,2025-12-29,109,48.54
GRP_0121,2,9.4,1,2025-11-30,2026-01-07,138,48.54
GRP_2314,1,7.3,2,2025-08-01,2025-08-01,259,48.5
GRP_2933,3,6.2,3,2026-02-05,2026-04-26,71,48.49
GRP_1532,1,7.9,1,2025-01-03,2025-01-03,469,48.46
GRP_2205,1,9.9,1,2026-02-06,2026-02-06,70,48.45
GRP_0690,1,7.7,2,2025-10-26,2025-10-26,173,48.43
GRP_0110,2,6.2,2,2025-02-02,2025-11-04,439,48.43
GRP_0758,2,7.7,1,2025-01-02,2025-06-15,470,48.41
GRP_2226,1,8.5,2,2026-04-02,2026-04-02,15,48.41
GRP_0795,2,8.1,1,2025-03-24,2026-04-23,389,48.38
GRP_0733,1,9.7,1,2026-01-01,2026-01-01,106,48.36
GRP_0298,1,6.7,2,2025-04-11,2025-04-11,371,48.36
GRP_1425,2,4.6,3,2025-02-21,2026-01-02,420,48.35
GRP_1149,3,4.8,3,2025-05-11,2025-09-01,341,48.31
GRP_1346,2,9.7,1,2026-02-12,2026-04-10,64,48.3
GRP_1452,1,8.0,2,2025-12-30,2025-12-30,108,48.3
GRP_1264,1,7.5,2,2025-09-21,2025-09-21,208,48.28
GRP_2350,1,5.2,3,2025-05-20,2025-05-20,332,48.28
GRP_2911,2,7.0,2,2025-07-23,2025-11-23,268,48.27
GRP_0803,2,8.5,1,2025-06-18,2026-03-15,303,48.25
GRP_2354,1,8.3,1,2025-04-05,2025-04-05,377,48.24
GRP_0723,3,4.5,3,2025-03-19,2026-02-27,394,48.22
GRP_2938,1,6.2,3,2025-12-05,2025-12-05,133,48.22
GRP_1938,2,8.3,1,2025-05-12,2026-03-21,340,48.18
GRP_1285,2,8.3,1,2025-05-14,2026-01-07,338,48.18
GRP_1515,2,6.9,2,2025-07-08,2025-12-10,283,48.14
GRP_1695,3,5.0,3,2025-07-02,2026-02-25,289,48.07
GRP_1198,2,7.6,2,2025-11-28,2026-02-10,140,48.05
GRP_0103,1,6.4,3,2026-01-23,2026-01-23,84,48.04
GRP_2844,1,7.9,1,2025-01-26,2025-01-26,446,48.02
GRP_0092,2,8.1,1,2025-04-16,2026-03-30,366,47.98
GRP_0016,1,9.9,1,2026-03-03,2026-03-03,45,47.93
GRP_1254,1,9.2,1,2025-10-18,2025-10-18,181,47.92
GRP_2589,1,6.1,3,2025-12-02,2025-12-02,136,47.92
GRP_1601,1,4.6,3,2025-02-05,2025-02-05,436,47.89
GRP_2510,1,8.5,2,2026-04-28,2026-04-28,-11,47.89
GRP_0249,2,5.2,3,2025-07-16,2025-12-14,275,47.88
GRP_1468,1,5.5,3,2025-08-10,2025-08-10,250,47.77
GRP_0824,2,5.2,3,2025-07-20,2026-03-26,271,47.75
GRP_2068,1,10.0,1,2026-04-02,2026-04-02,15,47.75
GRP_1956,2,4.4,3,2025-02-15,2025-03-11,426,47.7
GRP_0431,2,8.0,1,2025-04-11,2025-05-24,371,47.66
GRP_1345,2,5.1,3,2025-07-08,2026-02-12,283,47.65
GRP_0808,1,7.5,2,2025-10-24,2025-10-24,175,47.63
GRP_2027,1,9.0,1,2025-09-20,2025-09-20,209,47.61
GRP_0044,1,7.4,2,2025-10-06,2025-10-06,193,47.6
GRP_1733,2,5.2,3,2025-07-29,2025-10-16,262,47.57
GRP_1055,1,6.7,2,2025-05-20,2025-05-20,332,47.57
GRP_2110,1,9.0,1,2025-09-27,2025-09-27,202,47.5
GRP_0264,1,8.8,1,2025-08-20,2025-08-20,240,47.49
GRP_1992,2,8.1,1,2025-05-09,2025-08-15,343,47.48
GRP_0013,2,7.9,1,2025-03-31,2025-06-09,382,47.46
GRP_2235,3,6.2,2,2025-05-02,2025-10-16,350,47.39
GRP_0263,1,8.0,2,2026-02-15,2026-02-15,61,47.38
GRP_1485,2,6.3,2,2025-04-18,2025-07-11,364,47.34
GRP_2719,1,8.1,1,2025-04-08,2025-04-08,374,47.34
GRP_1307,2,5.8,2,2025-01-11,2025-10-08,461,47.32
GRP_0142,1,7.0,2,2025-08-02,2025-08-02,258,47.31
GRP_1155,4,8.0,1,2025-07-15,2026-01-17,276,47.28
GRP_1712,1,5.9,3,2025-11-25,2025-11-25,143,47.23
GRP_2380,1,5.8,3,2025-11-08,2025-11-08,160,47.23
GRP_1159,1,5.5,3,2025-09-09,2025-09-09,220,47.19
GRP_0604,1,9.1,1,2025-11-02,2025-11-02,166,47.17
GRP_0619,2,7.9,1,2025-04-14,2026-04-11,368,47.16
GRP_1234,1,6.0,2,2025-01-23,2025-01-23,449,47.12
GRP_2332,1,6.1,3,2026-01-11,2026-01-11,96,47.11
GRP_2116,1,8.8,1,2025-09-10,2025-09-10,219,47.07
GRP_2421,2,4.5,3,2025-04-07,2025-12-29,375,47.07
GRP_0766,1,9.9,1,2026-04-17,2026-04-17,0,47.05
GRP_0020,3,6.2,2,2025-05-21,2025-09-15,331,47.02
GRP_0397,1,6.3,2,2025-04-01,2025-04-01,381,46.94
GRP_1650,1,6.4,3,2026-03-23,2026-03-23,25,46.92
GRP_2192,1,7.8,2,2026-01-28,2026-01-28,79,46.92
GRP_1424,1,8.3,1,2025-06-09,2025-06-09,312,46.9
GRP_1540,1,6.1,3,2026-01-25,2026-01-25,82,46.87
GRP_0163,1,9.5,1,2026-02-06,2026-02-06,70,46.85
GRP_1443,1,6.0,2,2025-02-07,2025-02-07,434,46.83
GRP_1429,2,7.9,2,2026-03-31,2026-04-14,17,46.78
GRP_2474,1,8.0,1,2025-04-17,2025-04-17,365,46.76
GRP_1821,1,9.1,1,2025-11-23,2025-11-23,145,46.76
GRP_2974,3,4.2,3,2025-04-01,2025-10-31,381,46.74
GRP_0943,2,5.3,3,2025-10-01,2026-01-19,198,46.73
GRP_2870,1,7.1,2,2025-09-20,2025-09-20,209,46.72
GRP_1991,3,5.9,2,2025-04-09,2026-03-25,373,46.68
GRP_0934,1,4.6,3,2025-04-09,2025-04-09,373,46.65
GRP_0022,2,6.9,2,2025-09-21,2025-10-08,208,46.64
GRP_1668,2,4.3,3,2025-03-17,2025-04-26,396,46.64
GRP_0633,2,6.5,2,2025-07-04,2025-10-11,287,46.62
GRP_1812,1,6.2,2,2025-04-01,2025-04-01,381,46.58
GRP_0714,1,6.1,3,2026-02-09,2026-02-09,67,46.56
GRP_2713,2,4.3,3,2025-03-23,2025-10-28,390,46.54
GRP_2217,1,6.2,3,2026-03-01,2026-03-01,47,46.52
GRP_2309,1,6.0,3,2026-01-22,2026-01-22,85,46.5
GRP_1626,1,7.5,2,2025-12-21,2025-12-21,117,46.49
GRP_1706,1,5.0,3,2025-07-08,2025-07-08,283,46.49
GRP_1434,1,6.0,2,2025-02-23,2025-02-23,418,46.48
GRP_0244,2,5.8,2,2025-02-22,2025-12-18,419,46.48
GRP_1010,1,9.6,1,2026-03-20,2026-03-20,28,46.46
GRP_0481,1,7.5,1,2025-01-22,2025-01-22,450,46.43
GRP_2058,1,8.3,1,2025-07-07,2025-07-07,284,46.38
GRP_2194,1,4.2,3,2025-02-01,2025-02-01,440,46.38
GRP_0252,3,5.6,3,2026-01-24,2026-04-10,83,46.37
GRP_2562,2,7.7,1,2025-04-13,2025-10-13,369,46.36
GRP_0629,3,5.8,2,2025-04-11,2025-11-21,371,46.29
GRP_1386,2,6.4,2,2025-07-01,2025-10-24,290,46.28
GRP_0495,1,8.7,1,2025-10-01,2025-10-01,198,46.26
GRP_0208,1,7.9,1,2025-04-24,2025-04-24,358,46.23
GRP_2970,1,7.2,2,2025-11-06,2025-11-06,162,46.2
GRP_2790,4,4.6,3,2025-08-22,2026-04-03,238,46.19
GRP_2658,1,8.2,1,2025-06-26,2025-06-26,295,46.18
GRP_2204,1,9.1,1,2025-12-24,2025-12-24,114,46.13
GRP_1253,1,6.0,2,2025-03-14,2025-03-14,399,46.12
GRP_1562,2,6.5,2,2025-07-31,2026-04-13,260,46.05
GRP_0519,1,5.7,3,2025-12-20,2025-12-20,118,45.97
GRP_2688,1,6.8,2,2025-08-29,2025-08-29,231,45.95
GRP_0885,1,5.8,3,2026-01-10,2026-01-10,97,45.93
GRP_1539,1,5.9,3,2026-01-29,2026-01-29,78,45.93
GRP_1596,2,7.2,2,2025-12-28,2026-02-12,110,45.92
GRP_2879,1,5.3,3,2025-10-03,2025-10-03,196,45.91
GRP_1642,2,4.4,3,2025-05-16,2025-09-14,336,45.91
GRP_1807,3,6.9,1,2025-01-04,2026-03-02,468,45.91
GRP_1661,2,7.2,1,2025-01-27,2026-04-15,445,45.88
GRP_0853,1,6.7,2,2025-08-12,2025-08-12,248,45.86
GRP_0194,1,9.4,1,2026-03-11,2026-03-11,37,45.83
GRP_1466,2,7.3,1,2025-02-19,2026-03-21,422,45.82
GRP_2602,3,6.2,2,2025-07-24,2026-01-08,267,45.8
GRP_1787,1,7.6,1,2025-03-18,2025-03-18,395,45.79
GRP_1849,1,8.9,1,2025-12-04,2025-12-04,134,45.78
GRP_2944,2,3.7,3,2025-01-02,2025-07-06,470,45.76
GRP_0294,1,4.2,3,2025-03-04,2025-03-04,409,45.76
GRP_2025,2,6.2,2,2025-06-17,2025-09-29,304,45.76
GRP_0233,4,3.4,3,2025-01-17,2025-12-28,455,45.74
GRP_1557,2,7.8,1,2025-06-07,2026-01-25,314,45.68
GRP_0741,2,7.1,1,2025-01-21,2026-02-21,451,45.67
GRP_0394,1,4.1,3,2025-02-18,2025-02-18,423,45.67
GRP_1579,1,5.2,3,2025-09-27,2025-09-27,202,45.65
GRP_0498,1,5.5,3,2025-11-28,2025-11-28,140,45.63
GRP_1785,2,8.5,1,2025-10-30,2025-12-25,169,45.62
GRP_2721,1,5.9,2,2025-03-19,2025-03-19,394,45.61
GRP_1986,1,9.1,1,2026-01-19,2026-01-19,88,45.6
GRP_2129,1,5.5,3,2025-11-29,2025-11-29,139,45.58
GRP_0007,1,7.8,1,2025-05-06,2025-05-06,346,45.57
GRP_1538,2,7.4,1,2025-03-24,2025-07-27,389,45.56
GRP_0068,1,8.9,1,2025-12-15,2025-12-15,123,45.55
GRP_2712,2,5.6,3,2026-01-31,2026-03-02,76,45.48
GRP_1904,2,5.6,3,2026-01-30,2026-04-06,77,45.48
GRP_1406,2,4.5,3,2025-06-25,2025-09-26,296,45.45
GRP_1022,2,5.9,2,2025-05-04,2026-04-06,348,45.44
GRP_0834,1,7.4,2,2026-01-26,2026-01-26,81,45.38
GRP_0954,1,9.5,1,2026-04-22,2026-04-22,-5,45.35
GRP_0773,1,7.4,1,2025-02-28,2025-02-28,413,45.33
GRP_1296,1,6.3,2,2025-06-21,2025-06-21,300,45.32
GRP_2461,1,9.0,1,2026-01-16,2026-01-16,91,45.31
GRP_0961,2,7.0,2,2025-12-18,2026-02-20,120,45.29
GRP_1958,2,5.3,2,2025-01-12,2025-08-30,460,45.25
GRP_1767,2,6.6,2,2025-09-30,2025-12-12,199,45.23
GRP_2328,2,8.5,1,2025-11-17,2026-01-30,151,45.22
GRP_0680,1,9.0,1,2026-01-23,2026-01-23,84,45.18
GRP_1979,3,6.4,2,2025-10-04,2026-01-05,195,45.16
GRP_1184,3,6.0,2,2025-07-14,2025-08-22,277,45.16
GRP_1999,1,6.7,2,2025-09-17,2025-09-17,212,45.15
GRP_1795,1,5.7,2,2025-03-04,2025-03-04,409,45.12
GRP_1100,2,5.4,2,2025-02-11,2025-05-05,430,45.11
GRP_2460,1,8.1,1,2025-07-31,2025-07-31,260,45.11
GRP_1692,1,7.0,2,2025-11-21,2025-11-21,147,45.08
GRP_1001,1,8.4,1,2025-09-30,2025-09-30,199,45.07
GRP_0117,2,7.2,1,2025-03-10,2026-03-25,403,45.07
GRP_2694,2,5.5,3,2026-02-03,2026-04-19,73,45.03
GRP_1897,1,4.8,3,2025-08-08,2025-08-08,252,45.01
GRP_1227,1,5.0,3,2025-09-22,2025-09-22,207,44.95
GRP_1268,1,4.7,3,2025-07-27,2025-07-27,264,44.91
GRP_0727,1,7.1,2,2025-12-22,2025-12-22,116,44.87
GRP_2791,2,3.9,3,2025-03-26,2025-06-05,387,44.87
GRP_0089,1,5.6,3,2026-01-24,2026-01-24,83,44.83
GRP_0227,3,4.4,3,2025-08-14,2025-12-06,246,44.81
GRP_1813,1,5.9,3,2026-03-29,2026-03-29,19,44.81
GRP_2786,3,4.3,3,2025-07-25,2026-01-10,266,44.8
GRP_2547,1,7.8,1,2025-06-14,2025-06-14,307,44.8
GRP_2465,3,5.7,2,2025-06-04,2025-11-17,317,44.75
GRP_0327,3,7.0,1,2025-03-26,2026-04-27,387,44.72
GRP_2292,1,8.2,1,2025-09-09,2025-09-09,220,44.69
GRP_2586,2,4.7,3,2025-09-13,2025-12-08,216,44.65
GRP_0148,1,7.6,2,2026-04-11,2026-04-11,6,44.62
GRP_1173,2,5.1,3,2025-12-04,2026-01-24,134,44.62
GRP_0981,1,4.5,3,2025-06-30,2025-06-30,291,44.6
GRP_0157,1,5.2,3,2025-11-18,2025-11-18,150,44.6
GRP_2083,1,7.4,1,2025-04-06,2025-04-06,376,44.59
GRP_0699,3,8.3,1,2025-12-17,2026-03-23,121,44.57
GRP_1900,1,7.6,2,2026-04-17,2026-04-17,0,44.57
GRP_2035,5,4.7,2,2025-02-11,2025-10-16,430,44.57
GRP_0563,2,5.8,2,2025-05-30,2026-01-28,322,44.54
GRP_1718,1,7.8,1,2025-06-27,2025-06-27,294,44.53
GRP_1685,2,7.4,1,2025-05-18,2026-02-27,334,44.52
GRP_2892,2,8.7,1,2026-01-30,2026-03-10,77,44.52
GRP_0038,1,5.0,3,2025-10-15,2025-10-15,184,44.47
GRP_1898,2,8.3,1,2025-11-14,2026-03-14,154,44.46
GRP_2123,2,3.9,3,2025-04-16,2025-05-02,366,44.45
GRP_0307,1,8.7,1,2025-12-30,2025-12-30,108,44.45
GRP_0959,1,5.6,3,2026-02-16,2026-02-16,60,44.37
GRP_1182,1,7.8,1,2025-07-07,2025-07-07,284,44.34
GRP_2535,2,7.3,1,2025-05-06,2026-03-31,346,44.34
GRP_1640,1,8.5,1,2025-11-25,2025-11-25,143,44.33
GRP_0218,1,6.9,2,2025-12-09,2025-12-09,129,44.32
GRP_1181,1,4.0,3,2025-04-06,2025-04-06,376,44.32
GRP_0861,1,7.9,1,2025-07-28,2025-07-28,263,44.31
GRP_1109,2,7.9,1,2025-09-05,2025-12-13,224,44.3
GRP_0622,1,7.5,1,2025-05-12,2025-05-12,340,44.28
GRP_0120,2,3.4,3,2025-01-17,2025-09-08,455,44.28
GRP_1987,1,4.1,3,2025-04-30,2025-04-30,352,44.26
GRP_1969,1,7.3,1,2025-04-03,2025-04-03,379,44.25
GRP_2848,1,3.8,3,2025-03-02,2025-03-02,411,44.24
GRP_1669,1,6.1,2,2025-07-07,2025-07-07,284,44.23
GRP_2868,1,5.4,2,2025-02-17,2025-02-17,424,44.23
GRP_1686,2,5.0,2,2025-01-04,2026-01-05,468,44.21
GRP_0115,1,7.1,1,2025-02-23,2025-02-23,418,44.21
GRP_0947,2,4.9,3,2025-11-17,2025-12-29,151,44.2
GRP_2362,1,9.2,1,2026-04-22,2026-04-22,-5,44.19
GRP_2597,1,6.7,2,2025-11-07,2025-11-07,161,44.18
GRP_0453,1,3.9,3,2025-03-25,2025-03-25,388,44.14
GRP_0786,1,8.3,1,2025-10-27,2025-10-27,172,44.09
GRP_2375,1,9.0,1,2026-03-18,2026-03-18,30,44.07
GRP_0177,2,4.2,3,2025-07-04,2026-01-04,287,44.06
GRP_1911,1,5.3,3,2026-01-04,2026-01-04,103,44.05
GRP_1255,2,4.0,3,2025-05-29,2026-01-09,323,44.03
GRP_0436,1,7.6,1,2025-06-13,2025-06-13,308,43.99
GRP_0791,2,5.1,2,2025-02-06,2025-05-14,435,43.97
GRP_2455,1,6.2,2,2025-08-07,2025-08-07,253,43.95
GRP_1549,1,9.0,1,2026-03-23,2026-03-23,25,43.94
GRP_1832,2,5.7,2,2025-06-09,2026-03-12,312,43.9
GRP_1493,1,5.5,2,2025-03-23,2025-03-23,390,43.89
GRP_2262,4,2.9,3,2025-01-14,2026-04-26,458,43.79
GRP_2889,1,7.1,2,2026-02-15,2026-02-15,61,43.76
GRP_2114,3,3.5,3,2025-04-10,2026-04-22,372,43.76
GRP_1660,1,6.3,2,2025-09-09,2025-09-09,220,43.76
GRP_1860,2,7.2,1,2025-05-16,2025-08-30,336,43.75
GRP_2341,1,7.9,1,2025-08-27,2025-08-27,233,43.75
GRP_0548,2,6.2,2,2025-09-25,2026-04-06,204,43.75
GRP_1594,2,5.7,2,2025-06-18,2026-02-20,303,43.71
GRP_0211,1,6.3,2,2025-09-08,2025-09-08,221,43.71
GRP_1326,2,7.3,1,2025-06-06,2026-03-10,315,43.71
GRP_2325,2,7.6,1,2025-08-07,2025-11-25,253,43.7
GRP_0370,1,5.5,2,2025-04-08,2025-04-08,374,43.63
GRP_1088,2,4.8,3,2025-11-25,2025-12-15,143,43.58
GRP_0946,1,5.1,2,2025-01-20,2025-01-20,452,43.58
GRP_0679,1,5.7,3,2026-04-21,2026-04-21,-4,43.55
GRP_1827,1,4.2,3,2025-06-25,2025-06-25,296,43.52
GRP_2677,2,6.5,1,2025-01-09,2026-04-12,463,43.51
GRP_0338,1,7.3,1,2025-05-12,2025-05-12,340,43.5
GRP_0096,1,7.0,2,2026-02-08,2026-02-08,68,43.48
GRP_0922,2,3.2,3,2025-01-16,2026-03-10,456,43.48
GRP_1655,2,6.4,2,2025-11-17,2026-04-02,151,43.48
GRP_1589,1,7.8,1,2025-08-20,2025-08-20,240,43.46
GRP_0291,2,4.8,2,2025-01-04,2025-07-20,468,43.44
GRP_1303,1,6.5,2,2025-11-05,2025-11-05,163,43.43
GRP_0957,1,8.0,1,2025-10-08,2025-10-08,191,43.3
GRP_1238,2,4.8,3,2025-12-14,2026-02-27,124,43.27
GRP_1239,2,3.8,3,2025-05-27,2026-03-21,325,43.26
GRP_0552,1,7.6,1,2025-07-21,2025-07-21,270,43.24
GRP_1837,3,7.6,1,2025-10-06,2025-11-23,193,43.23
GRP_2047,1,8.3,1,2025-12-12,2025-12-12,126,43.22
GRP_0118,1,3.3,3,2025-01-11,2025-01-11,461,43.2
GRP_2109,1,7.6,1,2025-07-26,2025-07-26,265,43.2
GRP_0927,3,5.4,2,2025-06-25,2025-12-14,296,43.18
GRP_0238,1,6.2,2,2025-09-15,2025-09-15,214,43.18
GRP_0395,1,5.0,3,2025-12-23,2025-12-23,115,43.14
GRP_0688,3,6.7,1,2025-04-16,2025-12-19,366,43.11
GRP_1725,2,7.7,1,2025-09-26,2026-03-20,203,43.11
GRP_1369,1,6.4,2,2025-10-31,2025-10-31,168,43.08
GRP_0290,1,5.2,3,2026-02-01,2026-02-01,75,43.07
GRP_2333,2,3.4,3,2025-03-17,2025-07-04,396,43.05
GRP_0999,2,6.6,1,2025-02-21,2026-02-13,420,43.05
GRP_2488,2,6.6,1,2025-02-18,2025-10-08,423,43.05
GRP_2238,3,6.9,1,2025-05-28,2025-10-07,324,43.04
GRP_0952,1,3.7,3,2025-04-08,2025-04-08,374,43.04
GRP_1629,1,7.2,1,2025-05-17,2025-05-17,335,43.0
GRP_1333,1,7.9,1,2025-10-01,2025-10-01,198,42.99
GRP_2337,1,3.5,3,2025-03-06,2025-03-06,407,42.96
GRP_1129,2,3.3,3,2025-03-02,2025-08-05,411,42.93
GRP_2794,1,3.9,3,2025-05-26,2025-05-26,326,42.92
GRP_0948,1,6.6,2,2025-12-18,2025-12-18,120,42.9
GRP_2842,1,6.7,1,2025-02-11,2025-02-11,430,42.89
GRP_0689,2,5.1,2,2025-04-02,2025-08-03,380,42.87
GRP_1963,1,7.0,2,2026-03-12,2026-03-12,36,42.84
GRP_0401,2,7.2,1,2025-06-30,2026-03-05,291,42.82
GRP_0215,2,3.5,3,2025-04-21,2026-04-02,361,42.8
GRP_1580,2,5.0,2,2025-03-17,2026-02-27,396,42.8
GRP_0610,1,4.0,3,2025-06-23,2025-06-23,298,42.75
GRP_2801,2,3.2,3,2025-02-22,2026-04-01,419,42.73
GRP_1863,2,5.7,2,2025-08-09,2026-04-09,251,42.73
GRP_0816,1,6.6,2,2025-12-31,2025-12-31,107,42.68
GRP_0134,1,3.3,3,2025-02-05,2025-02-05,436,42.68
GRP_0312,1,8.2,1,2025-12-20,2025-12-20,118,42.66
GRP_0728,1,3.7,3,2025-05-03,2025-05-03,349,42.61
GRP_2294,2,5.1,2,2025-04-15,2025-12-13,367,42.6
GRP_0385,2,5.0,2,2025-03-29,2025-04-01,384,42.59
GRP_2834,3,3.4,3,2025-05-21,2026-02-25,331,42.53
GRP_1716,2,5.6,2,2025-07-31,2026-04-03,260,42.48
GRP_1985,1,5.4,2,2025-05-15,2025-05-15,337,42.47
GRP_2930,1,3.9,3,2025-06-17,2025-06-17,304,42.45
GRP_1501,1,6.3,2,2025-11-13,2025-11-13,155,42.39
GRP_2966,2,5.0,2,2025-04-09,2025-10-03,373,42.37
GRP_2472,2,7.6,1,2025-10-15,2026-01-18,184,42.28
GRP_0640,1,6.5,2,2026-01-02,2026-01-02,105,42.26
GRP_1168,1,7.5,1,2025-08-20,2025-08-20,240,42.25
GRP_1548,1,4.7,2,2025-01-07,2025-01-07,465,42.24
GRP_0926,2,4.2,3,2025-10-07,2025-12-31,192,42.18
GRP_2742,2,6.3,1,2025-02-06,2025-10-24,435,42.14
GRP_1317,1,4.1,3,2025-08-14,2025-08-14,246,42.12
GRP_1510,1,8.6,1,2026-04-06,2026-04-06,11,42.12
GRP_0502,2,6.8,1,2025-05-16,2025-07-23,336,42.11
GRP_0455,1,5.0,3,2026-02-10,2026-02-10,66,42.09
GRP_1363,1,6.8,2,2026-03-11,2026-03-11,37,42.09
GRP_2989,4,2.4,3,2025-01-01,2026-01-22,471,42.07
GRP_0776,2,3.0,3,2025-02-15,2026-04-03,426,42.06
GRP_1152,2,5.2,2,2025-06-03,2025-08-23,318,42.02
GRP_2118,2,3.8,3,2025-07-26,2025-12-08,265,42.01
GRP_0702,1,6.8,1,2025-04-17,2025-04-17,365,42.0
GRP_0703,1,7.4,1,2025-08-15,2025-08-15,245,41.98
GRP_2389,2,5.6,2,2025-08-28,2026-03-16,232,41.96
GRP_1177,1,6.3,2,2025-12-07,2025-12-07,131,41.94
GRP_0098,1,4.6,2,2025-01-04,2025-01-04,468,41.93
GRP_0459,1,7.8,1,2025-11-05,2025-11-05,163,41.93
GRP_2840,1,3.1,3,2025-02-08,2025-02-08,433,41.89
GRP_2135,2,5.0,2,2025-05-01,2025-09-14,351,41.89
GRP_2748,2,6.4,2,2026-02-07,2026-04-02,69,41.88
GRP_2633,1,6.8,2,2026-03-23,2026-03-23,25,41.86
GRP_1941,1,6.6,2,2026-02-10,2026-02-10,66,41.82
GRP_1604,2,3.8,3,2025-08-09,2026-03-10,251,41.78
GRP_1400,1,6.6,1,2025-03-18,2025-03-18,395,41.78
GRP_1034,1,8.5,1,2026-03-31,2026-03-31,17,41.77
GRP_2297,1,4.9,3,2026-02-11,2026-02-11,65,41.73
GRP_2436,1,6.0,2,2025-10-20,2025-10-20,179,41.72
GRP_2215,1,4.7,3,2026-01-03,2026-01-03,104,41.72
GRP_0660,2,4.2,3,2025-11-02,2025-11-07,166,41.71
GRP_0078,1,5.0,3,2026-03-06,2026-03-06,42,41.66
GRP_1903,1,4.9,2,2025-03-18,2025-03-18,395,41.63
GRP_0166,4,2.6,3,2025-03-05,2026-01-30,408,41.63
GRP_1926,1,4.1,3,2025-09-08,2025-09-08,221,41.6
GRP_0858,1,3.3,3,2025-04-03,2025-04-03,379,41.59
GRP_0616,2,3.8,3,2025-08-20,2025-09-01,240,41.57
GRP_0589,1,6.5,2,2026-02-04,2026-02-04,72,41.56
GRP_2796,2,5.2,2,2025-06-28,2025-07-17,293,41.55
GRP_0572,2,3.0,3,2025-03-13,2026-01-07,400,41.52
GRP_2326,1,4.9,3,2026-02-22,2026-02-22,54,41.5
GRP_1242,2,7.0,1,2025-07-30,2025-09-03,261,41.45
GRP_2466,2,6.1,2,2025-12-28,2026-03-08,110,41.45
GRP_1147,3,2.7,3,2025-02-25,2026-04-06,416,41.43
GRP_1514,1,5.6,2,2025-08-14,2025-08-14,246,41.42
GRP_0775,1,4.4,3,2025-11-18,2025-11-18,150,41.39
GRP_1059,2,6.7,1,2025-06-04,2025-10-27,317,41.38
GRP_0528,2,2.8,3,2025-02-12,2025-06-12,429,41.36
GRP_0734,1,3.6,3,2025-06-14,2025-06-14,307,41.32
GRP_2973,1,5.7,2,2025-09-08,2025-09-08,221,41.31
GRP_2764,1,4.2,3,2025-10-17,2025-10-17,182,41.26
GRP_0414,2,4.4,2,2025-02-02,2025-06-18,439,41.24
GRP_1928,2,3.4,3,2025-06-15,2025-11-13,306,41.23
GRP_0641,1,3.3,3,2025-04-27,2025-04-27,355,41.09
GRP_0860,3,2.5,3,2025-02-03,2025-08-06,438,41.08
GRP_0467,1,4.5,3,2025-12-26,2025-12-26,112,41.07
GRP_1981,1,7.5,1,2025-10-19,2025-10-19,180,41.06
GRP_0685,1,5.4,2,2025-07-26,2025-07-26,265,41.02
GRP_1342,2,6.6,1,2025-05-30,2026-01-04,322,41.02
GRP_2287,1,2.8,3,2025-01-21,2025-01-21,451,40.98
GRP_1036,2,4.5,2,2025-03-10,2025-04-20,403,40.96
GRP_1946,2,6.2,1,2025-03-19,2025-06-10,394,40.91
GRP_2451,2,3.8,3,2025-09-22,2026-01-20,207,40.88
GRP_0859,1,6.1,1,2025-01-24,2025-01-24,448,40.85
GRP_1229,1,6.5,1,2025-04-14,2025-04-14,368,40.81
GRP_2185,2,6.3,1,2025-04-11,2026-02-09,371,40.8
GRP_2553,1,3.3,3,2025-05-15,2025-05-15,337,40.78
GRP_0272,1,4.5,3,2026-01-08,2026-01-08,99,40.76
GRP_2302,2,4.7,2,2025-04-29,2025-10-26,353,40.75
GRP_0920,2,6.5,1,2025-05-27,2026-01-30,325,40.73
GRP_1197,1,6.0,2,2025-12-12,2025-12-12,126,40.64
GRP_0534,1,8.3,1,2026-04-21,2026-04-21,-4,40.62
GRP_2136,1,6.1,2,2026-01-07,2026-01-07,100,40.54
GRP_0652,2,3.7,3,2025-09-19,2026-03-22,210,40.51
GRP_0649,1,2.8,3,2025-02-17,2025-02-17,424,40.51
GRP_1214,1,4.9,3,2026-04-10,2026-04-10,7,40.51
GRP_0873,1,4.4,2,2025-02-03,2025-02-03,438,40.49
GRP_0185,1,5.7,2,2025-10-21,2025-10-21,178,40.49
GRP_0757,1,3.6,3,2025-07-30,2025-07-30,261,40.46
GRP_1208,3,5.8,1,2025-02-28,2025-06-09,413,40.45
GRP_1460,1,7.6,1,2025-12-11,2025-12-11,127,40.4
GRP_0575,2,4.4,2,2025-03-18,2025-07-12,395,40.39
GRP_0245,1,5.6,2,2025-10-08,2025-10-08,191,40.36
GRP_2479,2,5.4,2,2025-10-04,2026-01-28,195,40.35
GRP_1990,2,3.2,3,2025-06-23,2025-07-21,298,40.34
GRP_0386,1,5.0,2,2025-06-13,2025-06-13,308,40.29
GRP_0100,1,4.7,3,2026-03-14,2026-03-14,34,40.27
GRP_0181,1,7.0,1,2025-08-24,2025-08-24,236,40.19
GRP_0611,3,2.4,3,2025-03-01,2026-03-26,412,40.16
GRP_0880,1,6.0,1,2025-02-08,2025-02-08,433,40.11
GRP_2789,2,4.4,3,2026-03-01,2026-03-14,47,40.08
GRP_2788,1,5.0,2,2025-06-23,2025-06-23,298,40.06
GRP_0970,4,5.0,2,2025-10-19,2026-01-20,180,39.99
GRP_0621,4,4.2,2,2025-05-13,2025-07-12,339,39.98
GRP_0777,1,5.3,2,2025-08-28,2025-08-28,232,39.98
GRP_2608,1,6.6,1,2025-06-17,2025-06-17,304,39.95
GRP_0764,1,3.4,3,2025-07-16,2025-07-16,275,39.94
GRP_0499,1,3.5,3,2025-08-06,2025-08-06,254,39.91
GRP_1335,1,6.0,2,2026-01-23,2026-01-23,84,39.82
GRP_0648,2,4.3,2,2025-03-28,2025-05-09,385,39.78
GRP_0131,1,7.8,1,2026-02-20,2026-02-20,56,39.75
GRP_2679,1,6.0,1,2025-02-27,2025-02-27,414,39.73
GRP_2087,1,8.0,1,2026-04-06,2026-04-06,11,39.71
GRP_0332,3,5.5,1,2025-02-06,2025-11-09,435,39.67
GRP_1855,1,7.8,1,2026-02-25,2026-02-25,51,39.66
GRP_0258,6,4.9,1,2025-01-28,2026-03-04,444,39.66
GRP_1967,1,6.2,2,2026-03-11,2026-03-11,37,39.63
GRP_2731,1,7.6,1,2026-01-19,2026-01-19,88,39.63
GRP_0358,1,3.6,3,2025-09-09,2025-09-09,220,39.63
GRP_1760,1,2.8,3,2025-03-31,2025-03-31,382,39.63
GRP_1052,1,5.9,2,2026-01-15,2026-01-15,92,39.54
GRP_2321,1,5.8,1,2025-01-28,2025-01-28,444,39.53
GRP_2230,1,6.1,1,2025-03-29,2025-03-29,384,39.52
GRP_0546,1,3.3,3,2025-07-15,2025-07-15,276,39.5
GRP_1394,2,5.5,1,2025-01-07,2026-01-09,465,39.49
GRP_1870,1,6.3,1,2025-05-11,2025-05-11,341,39.46
GRP_1741,1,7.1,1,2025-10-20,2025-10-20,179,39.43
GRP_1553,1,5.5,2,2025-11-05,2025-11-05,163,39.42
GRP_2077,2,5.0,2,2025-09-03,2026-02-11,226,39.41
GRP_1682,1,6.2,1,2025-04-25,2025-04-25,357,39.4
GRP_2810,1,3.3,3,2025-07-23,2025-07-23,268,39.38
GRP_0494,2,6.8,1,2025-09-30,2025-12-06,199,39.37
GRP_0403,2,3.5,3,2025-10-07,2025-12-14,192,39.35
GRP_0599,2,5.5,1,2025-01-14,2025-02-06,458,39.35
GRP_1318,2,4.7,2,2025-07-10,2026-01-17,281,39.32
GRP_2422,2,3.9,2,2025-01-30,2025-06-15,442,39.29
GRP_0279,1,6.1,2,2026-03-11,2026-03-11,37,39.28
GRP_1313,2,2.4,3,2025-03-07,2025-05-18,406,39.28
GRP_0807,1,5.0,2,2025-08-01,2025-08-01,259,39.27
GRP_1322,2,4.7,2,2025-07-15,2026-04-15,276,39.23
GRP_0614,1,4.2,2,2025-02-27,2025-02-27,414,39.22
GRP_0592,1,3.5,3,2025-09-09,2025-09-09,220,39.2
GRP_1731,1,7.1,1,2025-11-04,2025-11-04,164,39.17
GRP_1480,1,7.6,1,2026-02-11,2026-02-11,65,39.16
GRP_0949,1,5.7,1,2025-01-29,2025-01-29,443,39.13
GRP_2962,1,4.5,2,2025-05-05,2025-05-05,347,39.1
GRP_0903,1,6.0,1,2025-03-30,2025-03-30,383,39.09
GRP_2613,1,2.3,3,2025-01-16,2025-01-16,456,39.09
GRP_1906,2,5.5,1,2025-01-28,2025-09-03,444,39.08
GRP_1412,1,7.4,1,2026-01-08,2026-01-08,99,39.04
GRP_0681,1,2.8,3,2025-05-01,2025-05-01,351,38.98
GRP_0425,1,4.1,3,2026-01-25,2026-01-25,82,38.88
GRP_0772,2,5.8,1,2025-04-10,2026-02-18,372,38.88
GRP_0379,2,4.9,2,2025-09-09,2025-10-18,220,38.88
GRP_2048,1,5.8,2,2026-02-01,2026-02-01,75,38.83
GRP_1998,3,5.9,1,2025-06-07,2025-07-26,314,38.83
GRP_1046,1,6.0,2,2026-03-15,2026-03-15,33,38.81
GRP_0832,2,3.3,3,2025-09-28,2025-12-03,201,38.8
GRP_2046,1,5.3,2,2025-10-25,2025-10-25,174,38.77
GRP_2704,1,7.1,1,2025-11-23,2025-11-23,145,38.76
GRP_0461,1,6.8,1,2025-09-26,2025-09-26,203,38.73
GRP_2308,2,5.4,1,2025-01-26,2026-01-27,446,38.7
GRP_0213,2,3.8,2,2025-02-16,2025-06-25,425,38.62
GRP_2073,1,4.0,2,2025-02-15,2025-02-15,426,38.62
GRP_0839,1,5.1,2,2025-09-24,2025-09-24,205,38.61
GRP_2869,1,4.2,3,2026-02-25,2026-02-25,51,38.59
GRP_0657,1,3.9,2,2025-01-30,2025-01-30,442,38.56
GRP_1008,1,3.6,3,2025-11-02,2025-11-02,166,38.55
GRP_2775,1,5.7,2,2026-01-28,2026-01-28,79,38.55
GRP_1219,2,3.2,3,2025-09-22,2026-01-20,207,38.53
GRP_2440,1,7.8,1,2026-04-27,2026-04-27,-10,38.48
GRP_2379,1,6.0,1,2025-05-01,2025-05-01,351,38.45
GRP_1728,1,5.0,2,2025-09-12,2025-09-12,217,38.45
GRP_0203,1,5.3,2,2025-11-12,2025-11-12,156,38.42
GRP_1183,2,3.8,2,2025-02-24,2025-11-15,417,38.41
GRP_1841,2,2.8,3,2025-07-10,2026-03-30,281,38.38
GRP_1106,1,4.4,2,2025-05-24,2025-05-24,328,38.31
GRP_1419,1,4.9,2,2025-09-03,2025-09-03,226,38.28
GRP_2886,1,5.4,2,2025-12-12,2025-12-12,126,38.24
GRP_0500,1,3.8,3,2025-12-27,2025-12-27,111,38.23
GRP_0408,2,2.0,3,2025-02-09,2025-04-21,432,38.2
GRP_1880,1,6.6,1,2025-09-15,2025-09-15,214,38.16
GRP_2949,5,5.4,1,2025-06-18,2026-04-22,303,38.14
GRP_0176,2,4.9,2,2025-10-19,2026-01-11,180,38.11
GRP_1440,1,6.4,1,2025-08-09,2025-08-09,251,38.08
GRP_2085,1,5.4,1,2025-01-23,2025-01-23,449,38.07
GRP_1577,2,5.3,1,2025-02-10,2025-04-01,431,38.04
GRP_2239,1,5.0,2,2025-10-03,2025-10-03,196,38.04
GRP_0752,2,2.1,3,2025-03-08,2025-12-13,405,38.03
GRP_0568,2,3.2,3,2025-10-16,2026-01-02,183,38.02
GRP_2261,2,2.5,3,2025-05-28,2025-11-29,324,38.0
GRP_0524,2,5.5,1,2025-03-25,2025-06-24,388,37.99
GRP_0520,2,4.5,2,2025-08-04,2025-11-15,256,37.97
GRP_0188,2,1.9,3,2025-02-02,2025-10-02,439,37.95
GRP_2353,1,6.0,1,2025-05-29,2025-05-29,323,37.95
GRP_0108,2,3.7,3,2026-01-27,2026-04-16,80,37.93
GRP_1457,3,5.2,1,2025-03-06,2025-07-24,407,37.91
GRP_0426,2,3.9,3,2026-03-11,2026-03-19,37,37.87
GRP_2945,2,3.8,2,2025-03-24,2025-12-07,389,37.87
GRP_0065,1,2.0,3,2025-01-20,2025-01-20,452,37.86
GRP_1295,3,5.7,1,2025-06-19,2025-11-08,302,37.84
GRP_0468,1,4.1,3,2026-03-16,2026-03-16,32,37.83
GRP_2990,2,5.3,1,2025-02-22,2025-07-21,419,37.83
GRP_2229,2,2.3,3,2025-04-30,2026-01-12,352,37.82
GRP_0980,2,6.4,1,2025-09-28,2026-03-12,201,37.82
GRP_0950,3,2.6,3,2025-08-05,2025-11-26,255,37.8
GRP_1576,2,3.6,2,2025-02-16,2025-03-26,425,37.79
GRP_0364,2,6.3,1,2025-09-10,2026-03-10,219,37.79
GRP_1568,2,6.4,1,2025-09-29,2026-01-13,200,37.79
GRP_2496,4,3.0,2,2025-01-02,2025-09-04,470,37.79
GRP_0829,1,2.5,3,2025-05-06,2025-05-06,346,37.76
GRP_1441,2,6.3,1,2025-09-14,2026-03-26,215,37.75
GRP_1778,2,5.9,1,2025-06-26,2026-01-08,295,37.73
GRP_1153,1,3.6,3,2025-12-14,2025-12-14,124,37.71
GRP_0030,1,3.6,2,2025-01-13,2025-01-13,459,37.68
GRP_1794,1,3.7,2,2025-02-02,2025-02-02,439,37.68
GRP_1598,1,4.1,3,2026-03-26,2026-03-26,22,37.65
GRP_2189,2,5.4,2,2026-02-18,2026-03-03,58,37.63
GRP_2101,2,4.0,2,2025-05-16,2026-01-11,336,37.6
GRP_2642,1,4.8,2,2025-09-19,2025-09-19,210,37.56
GRP_2344,1,4.8,2,2025-09-20,2025-09-20,209,37.55
GRP_1892,2,3.1,3,2025-10-20,2026-02-25,179,37.49
GRP_0254,1,3.6,2,2025-01-27,2025-01-27,445,37.47
GRP_0809,2,5.8,1,2025-06-20,2026-04-08,301,37.44
GRP_1379,2,4.5,2,2025-09-03,2026-04-24,226,37.42
GRP_2802,1,4.1,2,2025-05-07,2025-05-07,345,37.41
GRP_1983,1,3.6,3,2025-12-29,2025-12-29,109,37.4
GRP_2986,1,5.7,2,2026-03-25,2026-03-25,23,37.39
GRP_2533,1,2.5,3,2025-05-21,2025-05-21,331,37.38
GRP_1896,3,4.3,2,2025-09-02,2026-03-20,227,37.37
GRP_2232,1,4.6,2,2025-08-20,2025-08-20,240,37.33
GRP_2943,2,5.3,1,2025-03-16,2025-08-10,397,37.33
GRP_1209,1,4.6,2,2025-08-24,2025-08-24,236,37.28
GRP_1311,2,2.5,3,2025-07-03,2026-01-04,288,37.27
GRP_2631,1,5.9,1,2025-06-09,2025-06-09,312,37.27
GRP_0045,3,5.3,1,2025-05-03,2025-10-17,349,37.19
GRP_2442,3,2.1,3,2025-05-30,2025-12-04,322,37.17
GRP_1404,3,1.9,3,2025-04-19,2026-02-05,363,37.13
GRP_0168,1,6.9,1,2026-01-07,2026-01-07,100,37.1
GRP_2174,1,2.4,3,2025-05-17,2025-05-17,335,37.09
GRP_0843,1,5.6,2,2026-03-22,2026-03-22,26,37.08
GRP_2359,1,6.1,1,2025-07-29,2025-07-29,262,37.07
GRP_0756,1,5.8,1,2025-06-01,2025-06-01,320,37.04
GRP_2665,3,2.4,3,2025-08-04,2026-01-23,256,37.01
GRP_2028,2,3.6,2,2025-03-29,2026-04-17,384,37.0
GRP_1316,1,1.9,3,2025-02-11,2025-02-11,430,36.98
GRP_1559,2,3.4,3,2026-01-16,2026-04-19,91,36.98
GRP_2531,1,5.3,1,2025-02-26,2025-02-26,415,36.98
GRP_2575,2,4.7,2,2025-11-08,2026-02-25,160,36.92
GRP_2559,1,4.4,2,2025-08-04,2025-08-04,256,36.89
GRP_2584,1,3.0,3,2025-09-24,2025-09-24,205,36.88
GRP_1907,1,1.9,3,2025-02-19,2025-02-19,422,36.84
GRP_0353,2,2.6,3,2025-08-14,2025-11-30,246,36.84
GRP_1565,1,7.2,1,2026-03-21,2026-03-21,27,36.82
GRP_1275,2,3.5,2,2025-03-17,2026-02-23,396,36.79
GRP_1801,1,4.5,2,2025-08-25,2025-08-25,235,36.79
GRP_0501,2,3.4,3,2026-01-24,2026-03-01,83,36.78
GRP_2225,1,7.0,1,2026-02-11,2026-02-11,65,36.74
GRP_1908,2,2.4,3,2025-07-13,2025-12-03,278,36.74
GRP_1240,3,4.7,1,2025-01-22,2025-12-01,450,36.73
GRP_2247,2,2.3,3,2025-06-22,2026-01-01,299,36.73
GRP_0731,2,6.0,1,2025-09-04,2026-03-23,225,36.72
GRP_1854,2,6.5,1,2025-12-13,2025-12-19,125,36.71
GRP_2429,2,7.0,1,2026-03-23,2026-04-08,25,36.69
GRP_2541,3,2.4,3,2025-08-19,2025-12-10,241,36.69
GRP_2168,3,1.4,3,2025-01-31,2026-04-21,441,36.68
GRP_0884,2,3.4,2,2025-03-04,2025-07-10,409,36.66
GRP_1608,1,4.9,2,2025-11-25,2025-11-25,143,36.63
GRP_2351,1,4.1,2,2025-06-16,2025-06-16,305,36.6
GRP_1931,2,2.2,3,2025-06-09,2025-08-15,312,36.57
GRP_2922,2,4.9,1,2025-02-06,2025-02-07,435,36.55
GRP_0281,1,3.3,2,2025-01-11,2025-01-11,461,36.54
GRP_2566,1,6.5,1,2025-11-16,2025-11-16,152,36.54
GRP_0625,2,1.8,3,2025-03-25,2025-06-17,388,36.51
GRP_1727,3,1.4,3,2025-02-12,2026-03-12,429,36.5
GRP_1135,1,5.6,2,2026-04-18,2026-04-18,-1,36.49
GRP_2671,2,2.9,3,2025-11-02,2025-12-17,166,36.49
GRP_0409,1,1.9,3,2025-03-11,2025-03-11,402,36.41
GRP_0138,1,3.1,3,2025-11-06,2025-11-06,162,36.41
GRP_0182,1,6.0,1,2025-08-14,2025-08-14,246,36.37
GRP_2913,2,4.2,2,2025-08-29,2025-09-28,231,36.33
GRP_1174,1,3.0,3,2025-10-22,2025-10-22,177,36.31
GRP_1507,2,1.9,3,2025-04-24,2025-09-01,358,36.31
GRP_2439,1,2.5,3,2025-07-17,2025-07-17,274,36.27
GRP_2280,1,5.0,2,2026-01-01,2026-01-01,106,36.26
GRP_2741,1,5.4,1,2025-04-23,2025-04-23,359,36.24
GRP_1196,3,3.2,2,2025-03-23,2026-04-29,390,36.2
GRP_0463,1,6.8,1,2026-01-29,2026-01-29,78,36.19
GRP_1518,1,5.4,2,2026-03-26,2026-03-26,22,36.15
GRP_1343,1,4.4,2,2025-09-09,2025-09-09,220,36.14
GRP_1171,1,6.3,1,2025-10-26,2025-10-26,173,36.1
GRP_2960,1,3.8,2,2025-05-15,2025-05-15,337,36.09
GRP_0443,1,7.1,1,2026-04-07,2026-04-07,10,36.08
GRP_1127,2,4.7,1,2025-01-22,2025-04-12,450,36.06
GRP_0815,1,1.6,3,2025-02-01,2025-02-01,440,36.03
GRP_1611,1,3.7,2,2025-04-28,2025-04-28,354,36.02
GRP_2242,1,3.2,2,2025-01-20,2025-01-20,452,36.0
GRP_1921,1,4.8,2,2025-12-04,2025-12-04,134,36.0
GRP_1930,1,7.0,1,2026-03-22,2026-03-22,26,36.0
GRP_1996,5,5.0,1,2025-07-16,2026-04-11,275,35.98
GRP_0823,2,4.3,2,2025-10-05,2025-10-19,194,35.96
GRP_2173,2,3.1,3,2026-01-08,2026-01-30,99,35.9
GRP_1481,1,4.8,1,2025-01-11,2025-01-11,461,35.86
GRP_1409,2,4.5,2,2025-11-22,2026-01-01,146,35.84
GRP_0984,1,3.2,3,2025-12-24,2025-12-24,114,35.84
GRP_1111,2,3.3,2,2025-03-27,2025-06-25,386,35.79
GRP_2875,1,1.7,3,2025-03-04,2025-03-04,409,35.79
GRP_1347,1,3.5,2,2025-03-30,2025-03-30,383,35.76
GRP_1273,2,1.3,3,2025-01-22,2025-04-21,450,35.74
GRP_1360,1,5.6,1,2025-06-28,2025-06-28,293,35.72
GRP_1509,1,1.4,3,2025-01-05,2025-01-05,467,35.71
GRP_1459,1,3.2,3,2026-01-02,2026-01-02,105,35.7
GRP_0587,2,2.4,3,2025-09-02,2025-10-19,227,35.7
GRP_2283,2,5.8,1,2025-09-16,2026-03-24,213,35.68
GRP_0590,1,5.5,1,2025-06-09,2025-06-09,312,35.67
GRP_2269,3,4.6,1,2025-02-28,2026-03-27,413,35.66
GRP_2929,2,6.5,1,2026-02-07,2026-03-13,69,35.6
GRP_2463,1,3.0,3,2025-11-28,2025-11-28,140,35.58
GRP_2780,2,3.6,2,2025-06-07,2026-03-30,314,35.56
GRP_1421,1,6.6,1,2026-01-24,2026-01-24,83,35.55
GRP_1681,1,5.0,1,2025-03-09,2025-03-09,404,35.54
GRP_0908,1,2.0,3,2025-05-15,2025-05-15,337,35.53
GRP_1284,2,2.8,2,2025-01-01,2025-03-31,471,35.52
GRP_0945,2,4.8,2,2026-02-07,2026-03-20,69,35.5
GRP_2766,1,4.1,2,2025-08-14,2025-08-14,246,35.49
GRP_0985,1,3.0,3,2025-12-03,2025-12-03,135,35.47
GRP_1616,2,5.3,1,2025-06-19,2025-12-20,302,35.43
GRP_2736,2,3.5,2,2025-05-26,2025-07-28,326,35.4
GRP_0429,1,5.1,1,2025-04-07,2025-04-07,375,35.39
GRP_2610,2,6.2,1,2025-12-21,2026-03-12,117,35.39
GRP_1949,3,4.4,1,2025-02-02,2025-10-22,439,35.38
GRP_2530,1,2.4,3,2025-08-11,2025-08-11,249,35.38
GRP_2018,5,4.7,1,2025-06-16,2026-04-23,305,35.35
GRP_1376,2,1.9,3,2025-06-13,2025-06-22,308,35.32
GRP_2022,2,3.8,2,2025-07-29,2025-10-17,262,35.32
GRP_2405,3,1.3,3,2025-03-22,2026-03-28,391,35.31
GRP_0174,2,6.2,1,2025-12-23,2026-01-05,115,35.31
GRP_0104,5,2.5,2,2025-03-03,2026-04-16,410,35.31
GRP_2647,1,6.2,1,2025-11-20,2025-11-20,148,35.26
GRP_1745,1,5.6,1,2025-07-23,2025-07-23,268,35.25
GRP_1341,1,1.9,3,2025-05-11,2025-05-11,341,35.21
GRP_2537,2,1.8,3,2025-05-31,2025-06-17,321,35.14
GRP_0715,1,5.3,1,2025-05-31,2025-05-31,321,35.08
GRP_2854,1,1.4,3,2025-02-08,2025-02-08,433,35.08
GRP_2495,1,4.8,2,2026-01-21,2026-01-21,86,35.06
GRP_2246,3,3.4,2,2025-06-29,2026-04-26,292,35.04
GRP_1416,1,3.3,2,2025-03-29,2025-03-29,384,35.03
GRP_0646,1,3.3,3,2026-02-25,2026-02-25,51,35.03
GRP_0412,1,6.8,1,2026-03-30,2026-03-30,18,35.03
GRP_2917,1,3.8,2,2025-07-05,2025-07-05,286,35.02
GRP_2918,1,5.9,1,2025-10-05,2025-10-05,194,34.97
GRP_0896,3,4.0,2,2025-11-02,2026-04-22,166,34.96
GRP_1451,2,3.5,2,2025-06-17,2025-07-21,304,34.95
GRP_0285,3,2.8,2,2025-03-06,2026-01-31,407,34.94
GRP_1051,2,4.6,1,2025-02-26,2025-11-01,415,34.94
GRP_2833,2,4.3,2,2025-11-25,2026-01-11,143,34.91
GRP_2997,1,6.7,1,2026-03-15,2026-03-15,33,34.9
GRP_1064,1,2.1,3,2025-07-07,2025-07-07,284,34.86
GRP_0430,6,2.3,2,2025-03-24,2026-02-08,389,34.84
GRP_1340,2,5.0,1,2025-05-21,2025-09-08,331,34.82
GRP_2093,1,1.5,3,2025-03-11,2025-03-11,402,34.8
GRP_0147,1,4.7,1,2025-02-16,2025-02-16,425,34.79
GRP_1572,2,5.3,1,2025-07-25,2026-04-17,266,34.77
GRP_2281,2,4.6,1,2025-03-08,2025-03-16,405,34.75
GRP_1697,2,1.1,3,2025-02-05,2025-09-21,436,34.7
GRP_2291,1,6.7,1,2026-03-29,2026-03-29,19,34.68
GRP_0897,1,1.3,3,2025-02-09,2025-02-09,432,34.67
GRP_2403,2,2.6,2,2025-01-08,2026-02-16,464,34.6
GRP_2091,1,1.7,3,2025-05-03,2025-05-03,349,34.6
GRP_0476,2,5.0,1,2025-06-03,2025-09-26,318,34.55
GRP_1496,2,3.3,2,2025-05-30,2025-10-26,322,34.55
GRP_0643,2,2.0,3,2025-08-09,2025-12-13,251,34.54
GRP_2893,2,1.5,3,2025-05-04,2025-05-26,348,34.54
GRP_0521,1,5.0,1,2025-04-29,2025-04-29,353,34.51
GRP_2763,1,3.3,3,2026-03-23,2026-03-23,25,34.5
GRP_2473,2,2.3,3,2025-10-13,2026-03-24,186,34.5
GRP_2449,1,1.5,3,2025-03-31,2025-03-31,382,34.45
GRP_1290,1,3.4,2,2025-05-17,2025-05-17,335,34.45
GRP_1774,1,4.0,2,2025-09-14,2025-09-14,215,34.44
GRP_1701,1,4.2,2,2025-10-25,2025-10-25,174,34.44
GRP_0979,1,4.7,2,2026-01-31,2026-01-31,76,34.42
GRP_1150,1,5.1,2,2026-04-24,2026-04-24,-7,34.4
GRP_0301,2,4.2,2,2025-12-01,2026-01-08,137,34.38
GRP_1069,1,2.9,3,2026-01-09,2026-01-09,98,34.38
GRP_0862,3,3.6,2,2025-09-13,2026-02-03,216,34.37
GRP_1388,1,3.0,3,2026-01-31,2026-01-31,76,34.36
GRP_0511,1,4.3,2,2025-11-19,2025-11-19,149,34.3
GRP_1590,1,2.7,2,2025-01-07,2025-01-07,465,34.26
GRP_2669,4,2.3,2,2025-02-06,2026-02-12,435,34.25
GRP_0650,3,4.0,1,2025-01-10,2026-01-25,462,34.22
GRP_2598,1,3.8,2,2025-08-17,2025-08-17,243,34.16
GRP_0477,1,4.5,1,2025-02-07,2025-02-07,434,34.16
GRP_2659,1,2.2,3,2025-09-03,2025-09-03,226,34.13
GRP_1115,1,3.6,2,2025-07-12,2025-07-12,279,34.13
GRP_2536,3,1.5,3,2025-07-03,2025-11-23,288,34.09
GRP_1776,2,3.0,2,2025-04-25,2025-10-13,357,34.05
GRP_1099,1,4.8,2,2026-03-13,2026-03-13,35,34.03
GRP_0271,2,2.6,2,2025-02-07,2025-08-19,434,34.0
GRP_1756,1,3.7,2,2025-08-07,2025-08-07,253,33.97
GRP_0422,1,5.6,1,2025-09-25,2025-09-25,204,33.97
GRP_0346,1,5.3,1,2025-07-29,2025-07-29,262,33.94
GRP_1339,1,2.3,3,2025-10-01,2025-10-01,198,33.94
GRP_1923,2,3.5,2,2025-08-09,2025-12-21,251,33.93
GRP_2897,2,5.2,1,2025-08-13,2026-02-04,247,33.93
GRP_0360,1,4.7,1,2025-03-31,2025-03-31,382,33.92
GRP_2075,1,5.6,1,2025-09-29,2025-09-29,200,33.9
GRP_2020,1,5.7,1,2025-10-19,2025-10-19,180,33.88
GRP_0297,2,4.1,1,2025-01-10,2025-04-02,462,33.86
GRP_0170,1,2.9,3,2026-02-03,2026-02-03,73,33.84
GRP_2640,1,2.9,3,2026-02-03,2026-02-03,73,33.83
GRP_0292,1,2.4,3,2025-10-29,2025-10-29,170,33.77
GRP_2313,2,5.9,1,2026-01-08,2026-01-20,99,33.76
GRP_0799,2,4.5,1,2025-04-05,2025-07-07,377,33.76
GRP_2138,2,2.0,3,2025-09-20,2025-11-07,209,33.76
GRP_1006,1,4.3,2,2025-12-18,2025-12-18,120,33.75
GRP_2809,2,4.3,2,2026-01-24,2026-03-19,83,33.74
GRP_1995,1,3.5,2,2025-07-12,2025-07-12,279,33.73
GRP_1433,1,6.6,1,2026-04-24,2026-04-24,-7,33.73
GRP_1770,1,1.8,3,2025-07-05,2025-07-05,286,33.72
GRP_0428,1,4.3,2,2025-12-20,2025-12-20,118,33.71
GRP_2316,1,1.8,3,2025-07-06,2025-07-06,285,33.67
GRP_1381,1,1.4,3,2025-04-17,2025-04-17,365,33.66
GRP_1885,1,3.4,2,2025-06-28,2025-06-28,293,33.62
GRP_1021,1,4.9,1,2025-05-24,2025-05-24,328,33.61
GRP_2979,1,2.4,3,2025-11-06,2025-11-06,162,33.6
GRP_1389,2,2.2,3,2025-11-04,2025-12-24,164,33.59
GRP_0253,1,6.2,1,2026-02-11,2026-02-11,65,33.56
GRP_1578,2,1.2,3,2025-04-23,2025-09-02,359,33.56
GRP_1148,1,4.3,1,2025-01-30,2025-01-30,442,33.53
GRP_2441,1,1.8,3,2025-07-16,2025-07-16,275,33.51
GRP_1391,1,3.1,2,2025-05-03,2025-05-03,349,33.51
GRP_1696,1,2.4,3,2025-11-15,2025-11-15,153,33.49
GRP_1838,2,4.4,1,2025-03-29,2025-05-31,384,33.49
GRP_0899,1,5.9,1,2025-12-16,2025-12-16,122,33.49
GRP_0941,1,4.9,1,2025-05-31,2025-05-31,321,33.47
GRP_2568,4,4.0,1,2025-03-24,2026-01-23,389,33.47
GRP_2676,1,4.1,2,2025-11-20,2025-11-20,148,33.47
GRP_1179,1,5.3,1,2025-08-24,2025-08-24,236,33.41
GRP_0755,1,4.0,2,2025-11-05,2025-11-05,163,33.38
GRP_1164,1,6.0,1,2026-01-14,2026-01-14,93,33.36
GRP_0667,1,2.7,2,2025-02-21,2025-02-21,420,33.36
GRP_1349,1,2.6,3,2025-12-29,2025-12-29,109,33.35
GRP_0083,1,4.5,2,2026-02-15,2026-02-15,61,33.32
GRP_0287,1,4.8,1,2025-05-19,2025-05-19,333,33.31
GRP_2015,1,3.9,2,2025-10-21,2025-10-21,178,33.31
GRP_0517,1,5.0,1,2025-06-30,2025-06-30,291,33.29
GRP_0217,1,5.7,1,2025-11-15,2025-11-15,153,33.29
GRP_2762,1,3.7,2,2025-09-13,2025-09-13,216,33.26
GRP_2459,2,3.5,2,2025-09-11,2026-02-11,218,33.22
GRP_2433,1,4.5,2,2026-02-21,2026-02-21,55,33.21
GRP_0987,1,2.6,3,2026-01-07,2026-01-07,100,33.17
GRP_2437,1,4.5,2,2026-02-24,2026-02-24,52,33.15
GRP_2855,1,5.6,1,2025-11-07,2025-11-07,161,33.11
GRP_0200,2,3.8,2,2025-11-17,2026-02-22,151,33.09
GRP_1618,1,3.1,2,2025-05-26,2025-05-26,326,33.08
GRP_1933,2,1.4,3,2025-06-27,2026-03-13,294,33.05
GRP_1861,2,4.9,1,2025-08-02,2026-01-14,258,33.0
GRP_0304,2,4.1,1,2025-02-21,2025-12-18,420,32.99
GRP_2210,1,4.9,1,2025-06-27,2025-06-27,294,32.94
GRP_2992,1,2.3,3,2025-11-22,2025-11-22,146,32.91
GRP_1884,1,3.4,2,2025-08-02,2025-08-02,258,32.89
GRP_1016,4,2.3,2,2025-04-20,2026-04-13,362,32.85
GRP_1366,1,4.4,2,2026-02-20,2026-02-20,56,32.83
GRP_0597,2,2.9,2,2025-06-02,2025-12-17,319,32.83
GRP_2061,3,1.7,3,2025-10-14,2026-01-10,185,32.8
GRP_0967,1,2.5,3,2026-01-10,2026-01-10,97,32.77
GRP_0347,2,4.0,1,2025-02-14,2025-08-07,427,32.77
GRP_1374,1,3.7,2,2025-10-09,2025-10-09,190,32.75
GRP_2147,1,3.1,2,2025-06-13,2025-06-13,308,32.73
GRP_1947,2,2.6,3,2026-03-09,2026-03-31,39,32.7
GRP_2388,3,3.6,1,2025-01-06,2025-09-04,466,32.67
GRP_0049,1,3.9,2,2025-11-21,2025-11-21,147,32.67
GRP_2500,1,5.7,1,2025-12-17,2025-12-17,121,32.66
GRP_2497,1,5.6,1,2025-11-30,2025-11-30,138,32.65
GRP_2275,2,4.4,1,2025-05-14,2026-01-22,338,32.6
GRP_1030,1,1.7,3,2025-08-10,2025-08-10,250,32.59
GRP_0173,2,2.3,3,2026-01-15,2026-03-05,92,32.58
GRP_1917,2,1.0,3,2025-05-03,2026-03-24,349,32.56
GRP_2274,1,2.5,2,2025-02-22,2025-02-22,419,32.54
GRP_1602,2,4.9,1,2025-08-26,2026-03-23,234,32.53
GRP_2197,1,4.6,2,2026-04-19,2026-04-19,-2,32.49
GRP_0632,1,4.6,2,2026-04-19,2026-04-19,-2,32.47
GRP_2687,1,4.5,2,2026-04-01,2026-04-01,16,32.47
GRP_2407,1,1.3,3,2025-05-31,2025-05-31,321,32.45
GRP_0782,2,1.5,3,2025-08-17,2025-11-02,243,32.42
GRP_1848,1,5.6,1,2025-12-09,2025-12-09,129,32.42
GRP_1230,2,2.8,2,2025-06-02,2025-09-29,319,32.42
GRP_1276,1,4.3,1,2025-03-26,2025-03-26,387,32.4
GRP_2169,1,4.6,2,2026-04-26,2026-04-26,-9,32.39
GRP_0189,1,2.5,3,2026-01-27,2026-01-27,80,32.37
GRP_2947,1,4.3,2,2026-02-23,2026-02-23,53,32.37
GRP_1199,1,2.9,2,2025-05-23,2025-05-23,329,32.34
GRP_0994,3,4.0,1,2025-04-16,2025-08-21,366,32.31
GRP_0725,1,3.7,2,2025-11-03,2025-11-03,165,32.22
GRP_1780,3,4.7,1,2025-09-09,2026-04-05,220,32.2
GRP_1151,1,3.3,2,2025-08-15,2025-08-15,245,32.2
GRP_1116,2,3.0,2,2025-07-26,2025-10-29,265,32.16
GRP_2778,1,1.8,3,2025-09-23,2025-09-23,206,32.15
GRP_0114,1,3.9,1,2025-01-20,2025-01-20,452,32.13
GRP_1402,2,3.8,1,2025-02-05,2026-02-25,436,32.12
GRP_2115,1,2.7,3,2026-03-23,2026-03-23,25,32.11
GRP_2907,1,4.8,1,2025-07-19,2025-07-19,272,32.07
GRP_1710,2,2.9,2,2025-07-12,2025-10-31,279,32.04
GRP_1266,1,3.9,2,2025-12-25,2025-12-25,113,32.0
GRP_0797,2,2.7,2,2025-06-08,2025-10-11,313,31.94
GRP_0912,1,4.1,2,2026-02-07,2026-02-07,69,31.91
GRP_0374,1,3.4,2,2025-09-22,2025-09-22,207,31.89
GRP_2096,1,2.8,3,2026-04-24,2026-04-24,-7,31.89
GRP_1312,2,1.4,3,2025-08-21,2025-10-24,239,31.89
GRP_1982,1,4.5,2,2026-04-29,2026-04-29,-12,31.89
GRP_1645,1,5.5,1,2025-12-18,2025-12-18,120,31.89
GRP_2851,3,3.5,1,2025-01-25,2026-01-23,447,31.88
GRP_0767,1,1.6,3,2025-08-28,2025-08-28,232,31.84
GRP_1835,2,3.7,1,2025-01-30,2025-12-22,442,31.83
GRP_2411,2,3.8,1,2025-02-22,2026-03-15,419,31.8
GRP_1810,1,2.3,2,2025-02-18,2025-02-18,423,31.79
GRP_2014,2,3.8,2,2026-01-23,2026-03-10,84,31.79
GRP_2707,1,1.1,3,2025-05-23,2025-05-23,329,31.75
GRP_0623,1,3.4,2,2025-09-27,2025-09-27,202,31.75
GRP_0940,2,2.0,2,2025-02-04,2025-10-20,437,31.61
GRP_0684,2,2.9,2,2025-08-05,2026-02-03,255,31.6
GRP_0160,1,2.3,2,2025-03-03,2025-03-03,410,31.53
GRP_1582,2,5.5,1,2026-02-10,2026-03-10,66,31.52
GRP_0161,2,1.5,3,2025-10-02,2026-04-07,197,31.51
GRP_0814,1,2.5,3,2026-03-16,2026-03-16,32,31.43
GRP_2179,1,4.1,1,2025-04-07,2025-04-07,375,31.4
GRP_0561,1,5.9,1,2026-03-30,2026-03-30,18,31.4
GRP_1420,2,2.4,2,2025-05-06,2026-01-28,346,31.38
GRP_2334,3,2.1,2,2025-04-17,2026-04-28,365,31.36
GRP_2231,3,3.7,1,2025-04-05,2025-11-21,377,31.33
GRP_0574,2,4.9,1,2025-10-23,2025-12-14,176,31.32
GRP_2413,2,1.6,3,2025-10-31,2026-01-01,168,31.31
GRP_1781,1,1.4,3,2025-08-14,2025-08-14,246,31.31
GRP_0550,2,2.4,2,2025-05-15,2025-07-18,337,31.24
GRP_0956,2,3.8,1,2025-03-21,2026-02-22,392,31.24
GRP_0354,1,4.4,1,2025-06-11,2025-06-11,310,31.23
GRP_0888,1,3.7,2,2025-12-25,2025-12-25,113,31.19
GRP_2654,1,5.0,1,2025-10-15,2025-10-15,184,31.18
GRP_1043,1,4.8,1,2025-09-05,2025-09-05,224,31.17
GRP_0130,2,3.8,1,2025-03-26,2025-12-23,387,31.15
GRP_2273,2,3.6,1,2025-02-14,2025-10-21,427,31.14
GRP_2774,1,3.9,1,2025-03-13,2025-03-13,400,31.1
GRP_1056,3,3.3,2,2025-12-24,2026-04-16,114,31.1
GRP_0878,1,5.9,1,2026-04-19,2026-04-19,-2,31.06
GRP_0155,2,1.4,3,2025-10-07,2025-10-28,192,31.0
GRP_0868,1,5.4,1,2026-01-12,2026-01-12,95,30.97
GRP_1754,2,3.4,1,2025-01-19,2026-04-15,453,30.92
GRP_2366,1,1.6,3,2025-10-14,2025-10-14,185,30.87
GRP_0399,1,1.0,3,2025-06-16,2025-06-16,305,30.86
GRP_1323,3,3.6,1,2025-04-11,2026-04-21,371,30.8
GRP_1533,1,1.8,3,2025-11-27,2025-11-27,141,30.78
GRP_1029,3,3.5,1,2025-03-24,2025-10-10,389,30.77
GRP_1768,1,2.1,3,2026-01-31,2026-01-31,76,30.73
GRP_1803,1,3.9,2,2026-02-28,2026-02-28,48,30.67
GRP_0902,1,4.7,1,2025-09-08,2025-09-08,221,30.66
GRP_2005,1,5.3,1,2026-01-08,2026-01-08,99,30.66
GRP_2100,1,4.7,1,2025-09-10,2025-09-10,219,30.65
GRP_2546,3,3.7,1,2025-05-10,2025-09-07,342,30.62
GRP_2783,2,1.0,3,2025-08-07,2026-03-19,253,30.57
GRP_2915,2,1.9,2,2025-03-11,2025-06-05,402,30.5
GRP_2067,1,4.3,1,2025-06-29,2025-06-29,292,30.48
GRP_1133,1,5.5,1,2026-02-25,2026-02-25,51,30.46
GRP_2178,1,5.3,1,2026-01-19,2026-01-19,88,30.42
GRP_0276,1,5.5,1,2026-03-01,2026-03-01,47,30.4
GRP_0261,2,3.4,1,2025-02-14,2025-04-26,427,30.32
GRP_1644,1,2.4,3,2026-04-21,2026-04-21,-4,30.32
GRP_0269,1,1.8,3,2025-12-27,2025-12-27,111,30.26
GRP_0192,2,3.9,1,2025-05-30,2026-03-25,322,30.23
GRP_2387,1,1.5,3,2025-10-28,2025-10-28,171,30.22
GRP_0191,3,1.3,2,2025-01-03,2026-03-09,469,30.2
GRP_0532,1,3.6,1,2025-02-23,2025-02-23,418,30.2
GRP_1739,1,3.8,2,2026-03-07,2026-03-07,41,30.18
GRP_2145,1,3.8,2,2026-03-06,2026-03-06,42,30.17
GRP_2519,1,3.8,1,2025-04-07,2025-04-07,375,30.15
GRP_2256,1,5.5,1,2026-03-15,2026-03-15,33,30.14
GRP_2211,2,3.7,2,2026-03-24,2026-03-28,24,30.14
GRP_2345,1,3.4,1,2025-01-19,2025-01-19,453,30.1
GRP_0765,2,3.0,2,2025-11-09,2026-04-14,159,30.07
GRP_2683,1,1.2,3,2025-09-08,2025-09-08,221,30.03
GRP_2718,1,2.4,2,2025-06-08,2025-06-08,313,29.99
GRP_2053,3,1.4,2,2025-02-04,2025-09-28,437,29.97
GRP_2390,2,4.3,1,2025-09-01,2026-03-28,228,29.97
GRP_0418,2,1.6,2,2025-02-11,2026-03-31,430,29.86
GRP_1875,2,1.6,2,2025-02-13,2025-04-11,428,29.86
GRP_2976,2,2.1,2,2025-05-30,2025-08-05,322,29.75
GRP_2175,1,1.0,3,2025-08-14,2025-08-14,246,29.72
GRP_2807,2,2.1,2,2025-06-05,2026-04-04,316,29.61
GRP_0591,1,3.7,2,2026-03-17,2026-03-17,31,29.58
GRP_2729,2,3.1,2,2025-12-25,2026-03-02,113,29.57
GRP_1521,1,4.4,1,2025-09-04,2025-09-04,225,29.54
GRP_2859,2,1.7,2,2025-03-19,2025-04-08,394,29.54
GRP_2561,1,3.2,2,2025-12-09,2025-12-09,129,29.54
GRP_2036,2,1.6,2,2025-03-01,2025-03-09,412,29.52
GRP_2661,1,3.9,1,2025-06-01,2025-06-01,320,29.47
GRP_2071,1,1.6,3,2025-12-26,2025-12-26,112,29.44
GRP_1094,1,4.3,1,2025-08-21,2025-08-21,239,29.43
GRP_2656,1,1.4,3,2025-11-17,2025-11-17,151,29.43
GRP_0314,1,1.9,2,2025-03-29,2025-03-29,384,29.41
GRP_1012,2,1.7,3,2026-02-25,2026-03-22,51,29.36
GRP_0730,2,1.4,2,2025-01-29,2025-09-20,443,29.36
GRP_0877,1,3.6,1,2025-04-08,2025-04-08,374,29.36
GRP_0826,2,1.1,3,2025-10-28,2025-12-19,171,29.35
GRP_1707,1,2.5,2,2025-08-02,2025-08-02,258,29.33
GRP_0818,1,2.7,2,2025-09-10,2025-09-10,219,29.32
GRP_1606,3,2.6,2,2025-11-04,2026-04-23,164,29.29
GRP_0448,3,2.8,1,2025-01-16,2025-08-31,456,29.26
GRP_2124,4,2.8,1,2025-02-24,2025-08-26,417,29.24
GRP_1413,4,3.1,1,2025-04-30,2026-04-06,352,29.15
GRP_0099,1,2.3,2,2025-06-29,2025-06-29,292,29.14
GRP_0042,1,4.0,1,2025-07-07,2025-07-07,284,29.14
GRP_1993,1,5.3,1,2026-03-27,2026-03-27,21,29.09
GRP_2453,1,3.7,1,2025-05-09,2025-05-09,343,29.09
GRP_2805,4,2.9,1,2025-03-27,2025-12-11,386,29.07
GRP_1814,2,1.6,2,2025-03-24,2026-04-27,389,29.07
GRP_1487,2,3.1,1,2025-02-20,2025-09-27,421,29.05
GRP_1220,2,2.4,2,2025-09-06,2026-01-12,223,28.94
GRP_2724,1,1.5,2,2025-01-31,2025-01-31,441,28.93
GRP_2348,1,5.1,1,2026-02-27,2026-02-27,49,28.85
GRP_0969,2,2.4,2,2025-09-11,2026-01-08,218,28.85
GRP_2296,1,5.4,1,2026-04-28,2026-04-28,-11,28.82
GRP_2187,1,4.1,1,2025-08-13,2025-08-13,247,28.82
GRP_1472,1,1.8,2,2025-04-12,2025-04-12,370,28.77
GRP_1332,2,1.5,2,2025-03-20,2025-07-20,393,28.73
GRP_1883,1,3.3,2,2026-02-07,2026-02-07,69,28.72
GRP_2425,1,1.5,3,2026-01-11,2026-01-11,96,28.71
GRP_2856,2,1.5,2,2025-03-23,2025-06-16,390,28.71
GRP_2414,1,2.3,2,2025-07-22,2025-07-22,269,28.68
GRP_0542,1,3.1,1,2025-01-31,2025-01-31,441,28.68
GRP_1330,1,3.2,2,2026-01-23,2026-01-23,84,28.65
GRP_2526,1,4.4,1,2025-10-24,2025-10-24,175,28.57
GRP_1491,2,2.0,2,2025-07-10,2026-04-22,281,28.51
GRP_2946,2,2.8,2,2025-12-17,2026-04-27,121,28.5
GRP_0413,2,2.5,2,2025-10-20,2025-10-21,179,28.47
GRP_0642,2,1.1,2,2025-01-18,2026-02-08,454,28.37
GRP_0898,1,3.2,2,2026-02-05,2026-02-05,71,28.34
GRP_2264,2,2.9,2,2026-01-14,2026-01-27,93,28.34
GRP_1252,1,1.6,2,2025-03-28,2025-03-28,385,28.21
GRP_0718,1,1.9,3,2026-04-26,2026-04-26,-9,28.21
GRP_1617,1,3.3,1,2025-04-07,2025-04-07,375,28.16
GRP_2883,1,1.5,3,2026-02-10,2026-02-10,66,28.13
GRP_0939,1,3.2,2,2026-02-19,2026-02-19,57,28.11
GRP_0175,1,2.6,2,2025-10-24,2025-10-24,175,28.02
GRP_2770,1,4.9,1,2026-03-01,2026-03-01,47,28.02
GRP_2686,1,1.3,3,2026-01-08,2026-01-08,99,28.01
GRP_0154,2,2.7,1,2025-01-23,2025-10-01,449,28.01
GRP_1793,1,5.0,1,2026-03-23,2026-03-23,25,28.0
GRP_1045,1,4.0,1,2025-09-05,2025-09-05,224,27.97
GRP_2322,1,4.3,1,2025-11-03,2025-11-03,165,27.96
GRP_2506,1,3.7,1,2025-07-10,2025-07-10,281,27.88
GRP_0437,1,2.0,2,2025-07-04,2025-07-04,287,27.87
GRP_2523,2,2.6,2,2025-12-13,2026-01-31,125,27.77
GRP_0914,1,4.4,1,2025-12-05,2025-12-05,133,27.73
GRP_0827,1,1.0,3,2025-11-23,2025-11-23,145,27.68
GRP_1830,1,2.7,2,2025-11-29,2025-11-29,139,27.67
GRP_0057,1,4.5,1,2025-12-28,2025-12-28,110,27.66
GRP_2289,1,4.5,1,2025-12-29,2025-12-29,109,27.65
GRP_0380,1,1.6,2,2025-04-27,2025-04-27,355,27.63
GRP_1087,2,3.0,1,2025-04-12,2026-01-29,370,27.62
GRP_2016,1,4.3,1,2025-11-21,2025-11-21,147,27.62
GRP_1500,1,4.7,1,2026-02-11,2026-02-11,65,27.6
GRP_1247,1,1.7,2,2025-05-20,2025-05-20,332,27.6
GRP_0576,1,1.5,2,2025-04-09,2025-04-09,373,27.58
GRP_0106,1,2.2,2,2025-08-28,2025-08-28,232,27.58
GRP_1350,1,2.8,2,2025-12-26,2025-12-26,112,27.56
GRP_1384,3,2.5,1,2025-02-11,2025-11-06,430,27.55
GRP_0384,1,4.7,1,2026-02-10,2026-02-10,66,27.55
GRP_1498,1,4.0,1,2025-09-25,2025-09-25,204,27.51
GRP_1742,1,3.3,1,2025-05-10,2025-05-10,342,27.5
GRP_1806,2,3.6,1,2025-08-16,2025-11-04,244,27.5
GRP_2887,1,1.0,3,2025-12-02,2025-12-02,136,27.5
GRP_1997,1,3.0,1,2025-03-12,2025-03-12,401,27.49
GRP_0320,1,1.1,3,2025-12-25,2025-12-25,113,27.49
GRP_0132,1,4.3,1,2025-12-05,2025-12-05,133,27.35
GRP_1049,1,3.2,1,2025-04-30,2025-04-30,352,27.34
GRP_1356,2,2.7,1,2025-02-25,2025-07-04,416,27.32
GRP_2384,1,2.5,2,2025-11-11,2025-11-11,157,27.29
GRP_0763,2,1.4,2,2025-05-13,2025-12-16,339,27.26
GRP_1570,2,2.6,2,2026-01-08,2026-03-02,99,27.24
GRP_0810,1,2.3,2,2025-10-05,2025-10-05,194,27.23
GRP_0075,1,2.6,2,2025-12-04,2025-12-04,134,27.19
GRP_1044,2,2.4,2,2025-12-02,2026-04-10,136,27.16
GRP_2457,4,1.0,2,2025-05-17,2025-11-08,335,27.11
GRP_2159,2,2.9,1,2025-04-16,2025-07-31,366,27.1
GRP_2045,1,1.5,2,2025-05-03,2025-05-03,349,27.1
GRP_1888,1,1.2,2,2025-03-08,2025-03-08,405,27.06
GRP_0722,1,1.6,3,2026-04-27,2026-04-27,-10,27.03
GRP_1842,1,1.7,2,2025-06-19,2025-06-19,302,26.98
GRP_2702,2,2.5,1,2025-02-02,2025-10-04,439,26.97
GRP_0586,2,3.8,1,2025-10-20,2026-04-01,179,26.97
GRP_0180,3,3.8,1,2025-11-27,2026-02-23,141,26.96
GRP_2703,1,4.0,1,2025-10-28,2025-10-28,171,26.89
GRP_1073,1,2.6,1,2025-01-23,2025-01-23,449,26.88
GRP_1162,1,2.7,2,2026-01-11,2026-01-11,96,26.82
GRP_2507,1,4.5,1,2026-02-10,2026-02-10,66,26.81
GRP_1581,1,2.6,1,2025-01-30,2025-01-30,442,26.71
GRP_2682,2,1.2,2,2025-05-05,2025-11-22,347,26.6
GRP_1922,1,3.2,1,2025-06-07,2025-06-07,314,26.55
GRP_0348,1,4.6,1,2026-03-13,2026-03-13,35,26.54
GRP_0720,1,1.3,3,2026-03-22,2026-03-22,26,26.52
GRP_2964,1,1.1,3,2026-02-12,2026-02-12,64,26.51
GRP_0469,2,3.6,1,2025-10-09,2026-01-28,190,26.43
GRP_0983,2,2.1,2,2025-11-13,2026-02-23,155,26.39
GRP_0369,1,3.2,1,2025-06-17,2025-06-17,304,26.37
GRP_0240,1,3.7,1,2025-09-28,2025-09-28,201,26.32
GRP_0596,1,3.6,1,2025-09-05,2025-09-05,224,26.31
GRP_1061,2,2.4,1,2025-02-18,2025-04-16,423,26.28
GRP_2420,1,2.7,2,2026-02-10,2026-02-10,66,26.25
GRP_1691,3,2.3,1,2025-03-08,2025-12-23,405,26.23
GRP_2680,1,2.4,1,2025-01-17,2025-01-17,455,26.2
GRP_2154,2,3.5,1,2025-10-01,2026-03-04,198,26.2
GRP_1687,1,3.0,2,2026-04-17,2026-04-17,0,26.15
GRP_2170,1,2.6,2,2026-01-27,2026-01-27,80,26.14
GRP_0729,1,2.9,1,2025-04-30,2025-04-30,352,26.09
GRP_0744,1,3.0,1,2025-05-21,2025-05-21,331,26.07
GRP_1086,1,4.0,1,2025-12-10,2025-12-10,128,26.03
GRP_1615,1,2.0,2,2025-10-07,2025-10-07,192,25.97
GRP_2489,2,2.2,1,2025-01-26,2025-03-04,446,25.93
GRP_2252,1,2.8,1,2025-04-24,2025-04-24,358,25.86
GRP_1365,1,1.8,2,2025-09-04,2025-09-04,225,25.82
GRP_1874,1,1.4,2,2025-06-21,2025-06-21,300,25.77
GRP_1398,1,2.7,2,2026-03-11,2026-03-11,37,25.7
GRP_0094,1,3.5,1,2025-09-19,2025-09-19,210,25.64
GRP_2831,3,2.2,1,2025-03-25,2026-04-28,388,25.56
GRP_1357,2,2.1,1,2025-01-26,2025-08-01,446,25.54
GRP_0341,2,2.0,2,2025-12-05,2026-01-03,133,25.51
GRP_0895,1,3.2,1,2025-07-30,2025-07-30,261,25.46
GRP_1188,2,2.0,1,2025-01-09,2025-08-05,463,25.45
GRP_2157,1,2.2,1,2025-01-16,2025-01-16,456,25.36
GRP_2837,1,1.3,2,2025-06-25,2025-06-25,296,25.28
GRP_1763,1,2.5,2,2026-02-23,2026-02-23,53,25.23
GRP_2560,1,2.5,2,2026-02-22,2026-02-22,54,25.22
GRP_2594,2,2.5,1,2025-05-01,2026-01-27,351,25.21
GRP_0988,3,1.1,2,2025-08-03,2026-04-06,257,25.19
GRP_0781,1,3.8,1,2025-12-11,2025-12-11,127,25.17
GRP_1530,1,3.5,1,2025-10-15,2025-10-15,184,25.14
GRP_0306,1,3.7,1,2025-11-26,2025-11-26,142,25.14
GRP_2590,1,2.9,1,2025-06-19,2025-06-19,302,25.1
GRP_0128,3,1.7,1,2025-01-08,2025-07-23,464,25.06
GRP_0375,2,1.0,2,2025-06-11,2025-09-11,310,25.05
GRP_2253,1,1.7,2,2025-09-24,2025-09-24,205,25.03
GRP_0933,1,4.2,1,2026-03-10,2026-03-10,38,24.99
GRP_0968,2,1.9,1,2025-01-14,2025-07-22,458,24.99
GRP_0717,1,4.1,1,2026-02-21,2026-02-21,55,24.98
GRP_2478,1,1.5,2,2025-08-20,2025-08-20,240,24.96
GRP_2484,1,3.8,1,2025-12-28,2025-12-28,110,24.9
GRP_2098,2,1.2,2,2025-07-30,2025-12-18,261,24.9
GRP_1319,2,2.7,1,2025-06-28,2026-01-27,293,24.88
GRP_2144,3,2.7,1,2025-08-06,2026-01-25,254,24.83
GRP_0522,1,2.5,2,2026-03-15,2026-03-15,33,24.82
GRP_2300,2,3.3,1,2025-11-01,2026-01-06,167,24.76
GRP_0778,1,1.7,2,2025-10-11,2025-10-11,188,24.68
GRP_2891,1,1.2,2,2025-07-04,2025-07-04,287,24.67
GRP_1657,1,2.2,2,2026-01-22,2026-01-22,85,24.65
GRP_0802,2,3.2,1,2025-10-19,2025-11-11,180,24.62
GRP_2160,3,1.9,1,2025-03-12,2025-05-02,401,24.62
GRP_1380,1,2.5,1,2025-04-28,2025-04-28,354,24.55
GRP_0505,3,2.0,1,2025-04-02,2026-03-28,380,24.53
GRP_0740,1,4.0,1,2026-02-26,2026-02-26,50,24.48
GRP_2376,3,2.2,1,2025-05-19,2026-03-12,333,24.46
GRP_0525,2,1.7,1,2025-01-01,2025-06-22,471,24.43
GRP_2243,1,2.7,1,2025-06-12,2025-06-12,309,24.43
GRP_1628,1,3.9,1,2026-02-09,2026-02-09,67,24.4
GRP_0296,1,4.1,1,2026-03-24,2026-03-24,24,24.34
GRP_2795,1,2.3,2,2026-02-27,2026-02-27,49,24.32
GRP_2849,1,3.5,1,2025-11-28,2025-11-28,140,24.28
GRP_0080,1,2.9,1,2025-08-09,2025-08-09,251,24.1
GRP_0302,1,3.3,1,2025-10-26,2025-10-26,173,24.1
GRP_0421,1,1.4,2,2025-09-14,2025-09-14,215,24.06
GRP_0484,2,2.3,1,2025-05-22,2025-08-30,330,24.05
GRP_2095,1,3.4,1,2025-11-28,2025-11-28,140,23.9
GRP_1925,2,3.6,1,2026-02-14,2026-02-27,62,23.87
GRP_1573,1,1.1,2,2025-07-24,2025-07-24,267,23.86
GRP_2987,1,3.4,1,2025-11-28,2025-11-28,140,23.85
GRP_2926,1,1.9,2,2025-12-31,2025-12-31,107,23.85
GRP_0794,2,2.5,1,2025-07-10,2025-11-09,281,23.83
GRP_2338,1,2.0,2,2026-01-22,2026-01-22,85,23.83
GRP_1257,1,1.4,2,2025-09-26,2025-09-26,203,23.83
GRP_0393,3,2.0,1,2025-05-11,2025-07-20,341,23.76
GRP_1015,3,2.8,1,2025-10-23,2026-01-06,176,23.71
GRP_0837,2,2.3,1,2025-06-07,2025-10-09,314,23.71
GRP_0617,1,2.0,1,2025-03-03,2025-03-03,410,23.63
GRP_2607,1,3.2,1,2025-11-02,2025-11-02,166,23.6
GRP_1962,2,2.1,1,2025-05-07,2025-11-18,345,23.49
GRP_2706,2,2.3,1,2025-06-19,2025-07-10,302,23.46
GRP_0535,4,1.4,1,2025-03-07,2026-01-07,406,23.45
GRP_0670,2,2.0,1,2025-04-25,2025-10-25,357,23.39
GRP_0011,1,1.1,2,2025-08-20,2025-08-20,240,23.35
GRP_2663,1,1.4,2,2025-10-20,2025-10-20,179,23.33
GRP_0067,1,3.3,1,2025-12-13,2025-12-13,125,23.2
GRP_2415,5,1.3,1,2025-04-08,2026-04-05,374,23.16
GRP_2209,1,3.9,1,2026-04-13,2026-04-13,4,23.15
GRP_0334,2,1.6,1,2025-02-14,2025-12-04,427,23.15
GRP_0701,1,2.3,1,2025-05-29,2025-05-29,323,23.14
GRP_2667,1,1.1,2,2025-09-14,2025-09-14,215,22.87
GRP_0771,1,3.6,1,2026-03-02,2026-03-02,46,22.76
GRP_2652,1,2.1,2,2026-04-06,2026-04-06,11,22.76
GRP_1541,1,1.8,1,2025-03-21,2025-03-21,392,22.49
GRP_2880,1,2.0,2,2026-04-01,2026-04-01,16,22.46
GRP_1571,2,1.5,1,2025-03-03,2025-07-22,410,22.45
GRP_1680,1,3.6,1,2026-03-18,2026-03-18,30,22.43
GRP_0526,1,1.1,2,2025-10-06,2025-10-06,193,22.42
GRP_1158,1,1.4,1,2025-01-03,2025-01-03,469,22.41
GRP_0472,2,1.8,1,2025-05-04,2025-07-20,348,22.39
GRP_0527,2,1.8,1,2025-05-04,2025-07-09,348,22.37
GRP_0116,1,2.0,2,2026-04-10,2026-04-10,7,22.29
GRP_2088,3,1.1,2,2025-12-27,2026-04-02,111,22.23
GRP_0072,1,1.7,2,2026-02-10,2026-02-10,66,22.22
GRP_2167,1,1.9,1,2025-04-26,2025-04-26,356,22.21
GRP_0201,1,1.5,2,2026-01-04,2026-01-04,103,22.2
GRP_0639,1,1.1,2,2025-10-17,2025-10-17,182,22.13
GRP_1800,1,2.5,1,2025-09-06,2025-09-06,223,21.95
GRP_1850,1,1.8,1,2025-04-17,2025-04-17,365,21.93
GRP_1646,1,1.8,1,2025-04-20,2025-04-20,362,21.91
GRP_2777,1,1.3,1,2025-01-16,2025-01-16,456,21.81
GRP_1649,1,1.1,2,2025-11-06,2025-11-06,162,21.77
GRP_0819,1,2.3,1,2025-08-05,2025-08-05,255,21.76
GRP_0074,1,2.6,1,2025-10-06,2025-10-06,193,21.75
GRP_2254,1,2.1,1,2025-06-30,2025-06-30,291,21.72
GRP_2089,3,1.2,1,2025-03-18,2026-03-02,395,21.66
GRP_0239,2,1.8,1,2025-06-09,2026-04-20,312,21.62
GRP_2885,1,3.4,1,2026-03-20,2026-03-20,28,21.61
GRP_0663,1,2.9,1,2025-12-10,2025-12-10,128,21.6
GRP_0204,1,2.6,1,2025-10-14,2025-10-14,185,21.56
GRP_1536,1,3.1,1,2026-01-26,2026-01-26,81,21.5
GRP_1060,2,2.7,1,2025-12-14,2026-02-25,124,21.49
GRP_0883,1,2.6,1,2025-10-18,2025-10-18,181,21.48
GRP_0924,1,1.6,2,2026-03-07,2026-03-07,41,21.33
GRP_1719,1,1.4,1,2025-02-28,2025-02-28,413,21.32
GRP_0187,1,1.3,2,2026-01-10,2026-01-10,97,21.3
GRP_2902,1,1.8,1,2025-05-20,2025-05-20,332,21.29
GRP_1936,1,1.6,1,2025-04-11,2025-04-11,371,21.27
GRP_2666,1,1.1,2,2025-11-30,2025-11-30,138,21.26
GRP_1112,3,1.2,1,2025-04-07,2026-04-28,375,21.23
GRP_1302,1,1.8,1,2025-06-01,2025-06-01,320,21.06
GRP_0602,1,1.5,1,2025-04-08,2025-04-08,374,20.98
GRP_0547,3,1.1,1,2025-04-04,2026-03-07,378,20.94
GRP_0872,3,1.1,1,2025-04-04,2025-12-09,378,20.89
GRP_2963,1,1.7,2,2026-04-24,2026-04-24,-7,20.82
GRP_2050,1,1.6,2,2026-04-04,2026-04-04,13,20.81
GRP_0661,1,2.8,1,2026-01-04,2026-01-04,103,20.74
GRP_2002,1,1.1,1,2025-02-02,2025-02-02,439,20.65
GRP_2445,2,2.3,1,2025-11-07,2026-01-05,161,20.64
GRP_1476,1,1.4,1,2025-04-08,2025-04-08,374,20.54
GRP_1122,1,1.4,2,2026-03-24,2026-03-24,24,20.24
GRP_2860,2,2.2,1,2025-11-09,2026-03-17,159,20.23
GRP_1829,2,1.8,1,2025-08-24,2026-02-03,236,20.13
GRP_2012,2,2.1,1,2025-10-24,2025-12-28,175,20.1
GRP_1207,1,2.0,1,2025-09-04,2025-09-04,225,19.97
GRP_1972,1,1.2,2,2026-02-27,2026-02-27,49,19.93
GRP_1226,2,1.6,1,2025-07-28,2026-01-27,263,19.86
GRP_0558,2,1.8,1,2025-09-08,2026-02-03,221,19.83
GRP_0866,2,1.9,1,2025-09-28,2025-10-18,201,19.82
GRP_1676,2,1.9,1,2025-09-30,2025-12-19,199,19.8
GRP_1288,1,1.4,1,2025-05-26,2025-05-26,326,19.61
GRP_1415,1,2.4,1,2025-12-12,2025-12-12,126,19.61
GRP_2890,2,1.4,1,2025-07-04,2026-02-24,287,19.58
GRP_2355,1,1.5,1,2025-06-18,2025-06-18,303,19.55
GRP_1007,1,2.5,1,2026-01-04,2026-01-04,103,19.5
GRP_0900,1,1.4,1,2025-06-05,2025-06-05,316,19.38
GRP_1032,1,2.2,1,2025-11-14,2025-11-14,154,19.35
GRP_1489,1,2.4,1,2025-12-28,2025-12-28,110,19.27
GRP_1082,2,2.0,1,2025-11-19,2025-12-12,149,19.19
GRP_0748,1,2.7,1,2026-03-02,2026-03-02,46,19.17
GRP_0706,2,1.9,1,2025-11-07,2025-12-16,161,19.06
GRP_2739,1,1.7,1,2025-08-26,2025-08-26,234,18.96
GRP_1280,1,2.7,1,2026-03-17,2026-03-17,31,18.87
GRP_2865,1,2.8,1,2026-04-20,2026-04-20,-3,18.61
GRP_1746,1,1.3,1,2025-06-26,2025-06-26,295,18.56
GRP_2823,3,1.1,1,2025-07-30,2026-01-19,261,18.56
GRP_2919,1,2.0,1,2025-12-01,2025-12-01,137,18.22
GRP_0833,1,1.1,1,2025-06-10,2025-06-10,311,18.11
GRP_2042,1,2.7,1,2026-04-25,2026-04-25,-8,18.11
GRP_1091,1,2.0,1,2025-12-08,2025-12-08,130,18.07
GRP_1428,1,1.6,1,2025-09-20,2025-09-20,209,18.04
GRP_0993,1,1.7,1,2025-10-12,2025-10-12,187,18.04
GRP_0828,1,2.0,1,2025-12-11,2025-12-11,127,18.03
GRP_2270,2,2.0,1,2026-01-17,2026-04-24,90,18.03
GRP_2604,1,1.3,1,2025-07-28,2025-07-28,263,17.96
GRP_1901,1,1.7,1,2025-10-14,2025-10-14,185,17.95
GRP_1344,1,1.9,1,2025-12-04,2025-12-04,134,17.78
GRP_2320,3,1.4,1,2025-11-09,2025-11-25,159,17.74
GRP_0389,2,2.2,1,2026-03-15,2026-03-27,33,17.65
GRP_0682,1,2.0,1,2025-12-31,2025-12-31,107,17.64
GRP_0953,1,1.8,1,2025-12-04,2025-12-04,134,17.38
GRP_2675,2,1.7,1,2025-12-19,2026-02-28,119,17.36
GRP_2752,1,1.7,1,2025-11-16,2025-11-16,152,17.31
GRP_0516,1,2.0,1,2026-01-20,2026-01-20,87,17.25
GRP_1989,2,1.6,1,2025-12-17,2026-03-15,121,17.03
GRP_2282,2,1.1,1,2025-09-11,2025-12-21,218,16.98
GRP_2818,2,1.0,1,2025-08-29,2026-01-03,231,16.82
GRP_0235,1,1.8,1,2026-01-05,2026-01-05,102,16.72
GRP_1054,2,1.3,1,2025-11-07,2025-11-22,161,16.67
GRP_2971,1,2.2,1,2026-04-24,2026-04-24,-7,16.12
GRP_1121,1,2.0,1,2026-04-10,2026-04-10,7,15.58
GRP_1488,1,1.7,1,2026-02-25,2026-02-25,51,15.3
GRP_0109,1,1.6,1,2026-02-07,2026-02-07,69,15.22
GRP_2335,2,1.4,1,2026-02-20,2026-04-20,56,14.92
GRP_2850,1,1.0,1,2025-10-27,2025-10-27,172,14.9
GRP_2625,1,1.5,1,2026-02-25,2026-02-25,51,14.48
GRP_2431,1,1.5,1,2026-02-27,2026-02-27,49,14.45
GRP_2371,1,1.7,1,2026-04-27,2026-04-27,-10,14.07
GRP_1864,1,1.6,1,2026-04-26,2026-04-26,-9,13.73
GRP_0135,1,1.2,1,2026-02-10,2026-02-10,66,13.58
GRP_0419,1,1.1,1,2026-02-01,2026-02-01,75,13.39
GRP_1659,1,1.2,1,2026-03-23,2026-03-23,25,12.73
GRP_1886,1,1.1,1,2026-03-17,2026-03-17,31,12.47
