Report_ID,User_ID,Group_ID,Category,Item,Damage_Rate,Lat,Lng,Report_Date,Dept,Manager,Contact,Status
REP_SEO_00001,USER_14117,GRP_SEO_0015,휴게시설물,등받이있는벤치,1,37.626029,127.111322,2024-09-21,공원녹지과,박민지,010-7821-3456,처리완료
REP_SEO_00002,USER_84847,GRP_SEO_0005,휴게시설물,등받이없는벤치,2,37.577608,127.067601,2024-09-06,공원녹지과,윤서연,010-3344-5566,처리진행중
REP_SEO_00003,USER_96374,GRP_SEO_0031,휴게시설물,등받이있는벤치,1,37.548435,127.032802,2024-08-12,공원녹지과,윤서연,010-3344-5566,처리완료
REP_SEO_00004,USER_22899,GRP_SEO_0023,보호시설물,보호시설물볼라드,3,37.551177,126.879188,2025-11-30,시설관리과,이지훈,010-9234-5678,처리완료
REP_SEO_00005,USER_80292,GRP_SEO_0026,통행시설물,보차도경계석,1,37.608303,126.984306,2024-10-11,도로과,김도현,010-3245-8612,처리완료
REP_SEO_00006,USER_82132,GRP_SEO_0009,보호시설물,보호시설물볼라드,2,37.501849,126.970135,2024-04-17,시설관리과,이지훈,010-9234-5678,처리완료
REP_SEO_00007,USER_40982,GRP_SEO_0004,휴게시설물,등받이있는벤치,3,37.521106,127.006561,2024-05-05,공원녹지과,박민지,010-7821-3456,처리완료
REP_SEO_00008,USER_10282,GRP_SEO_0027,통행시설물,점자블록,1,37.544727,127.149167,2024-03-31,도로과,강민혁,010-5566-7788,처리완료
REP_SEO_00009,USER_82845,GRP_SEO_0017,보호시설물,보호시설물볼라드,2,37.511923,126.963086,2025-04-08,시설관리과,정현우,010-8877-6655,처리진행중
REP_SEO_00010,USER_81066,GRP_SEO_0046,통행시설물,점자블록,2,37.644117,127.129323,2024-03-30,도로과,김도현,010-3245-8612,처리완료
REP_SEO_00011,USER_79615,GRP_SEO_0048,보호시설물,보호시설물볼라드,3,37.557249,127.010007,2025-06-28,시설관리과,정현우,010-8877-6655,처리완료
REP_SEO_00012,USER_98501,GRP_SEO_0004,휴게시설물,등받이있는벤치,2,37.521167,127.006469,2024-04-10,공원녹지과,박민지,010-7821-3456,처리완료
REP_SEO_00013,USER_91183,GRP_SEO_0026,통행시설물,보차도경계석,2,37.608181,126.984324,2025-09-14,도로과,김도현,010-3245-8612,처리완료
REP_SEO_00014,USER_51180,GRP_SEO_0027,통행시설물,점자블록,1,37.544761,127.149238,2024-10-24,도로과,강민혁,010-5566-7788,처리완료
REP_SEO_00015,USER_19508,GRP_SEO_0017,보호시설물,보호시설물볼라드,2,37.511817,126.963063,2025-05-13,시설관리과,정현우,010-8877-6655,처리완료
REP_SEO_00016,USER_76307,GRP_SEO_0030,통행시설물,맨홀,2,37.615717,126.982439,2024-04-15,도로과,김도현,010-3245-8612,처리완료
REP_SEO_00017,USER_67433,GRP_SEO_0009,보호시설물,보호시설물볼라드,1,37.501951,126.970255,2025-02-12,시설관리과,이지훈,010-9234-5678,처리완료
REP_SEO_00018,USER_82692,GRP_SEO_0046,통행시설물,점자블록,1,37.64408,127.129482,2025-07-25,도로과,조성민,010-2233-4455,처리완료
REP_SEO_00019,USER_82512,GRP_SEO_0043,휴게시설물,등받이있는벤치,3,37.646288,127.01456,2024-05-28,공원녹지과,윤서연,010-3344-5566,처리완료
REP_SEO_00020,USER_44600,GRP_SEO_0018,통행시설물,보차도경계석,2,37.600757,127.058171,2024-08-26,도로과,강민혁,010-5566-7788,처리완료
REP_SEO_00021,USER_46265,GRP_SEO_0032,통행시설물,트랜치,2,37.572254,127.141694,2024-05-04,도로과,김도현,010-3245-8612,처리완료
REP_SEO_00022,USER_82309,GRP_SEO_0001,휴게시설물,등받이있는벤치,2,37.489093,126.939685,2024-07-14,공원녹지과,윤서연,010-3344-5566,신고접수
REP_SEO_00023,USER_58393,GRP_SEO_0028,통행시설물,맨홀,2,37.569084,126.886286,2024-07-01,도로과,조성민,010-2233-4455,처리진행중
REP_SEO_00024,USER_15229,GRP_SEO_0036,통행시설물,보차도경계석,3,37.645291,127.080895,2025-02-07,도로과,강민혁,010-5566-7788,처리완료
REP_SEO_00025,USER_63264,GRP_SEO_0014,휴게시설물,등받이없는벤치,3,37.594145,127.084223,2025-08-26,공원녹지과,윤서연,010-3344-5566,처리진행중
REP_SEO_00026,USER_13248,GRP_SEO_0048,보호시설물,보호시설물볼라드,3,37.557217,127.010183,2024-07-30,시설관리과,이지훈,010-9234-5678,처리완료
REP_SEO_00027,USER_24168,GRP_SEO_0048,보호시설물,보호시설물볼라드,1,37.557371,127.010153,2024-10-11,시설관리과,정현우,010-8877-6655,처리완료
REP_SEO_00028,USER_39831,GRP_SEO_0003,휴게시설물,등받이있는벤치,2,37.582503,126.869161,2025-01-23,공원녹지과,윤서연,010-3344-5566,처리완료
REP_SEO_00029,USER_46585,GRP_SEO_0002,통행시설물,보도블록,3,37.508056,126.889703,2024-04-11,도로과,강민혁,010-5566-7788,처리완료
REP_SEO_00030,USER_44237,GRP_SEO_0042,휴게시설물,등받이있는벤치,1,37.499135,127.000973,2024-02-28,공원녹지과,윤서연,010-3344-5566,처리완료
REP_SEO_00031,USER_51114,GRP_SEO_0038,통행시설물,보도블록,2,37.510311,127.081081,2025-10-02,도로과,김도현,010-3245-8612,처리완료
REP_SEO_00032,USER_67154,GRP_SEO_0039,휴게시설물,등받이없는벤치,1,37.583923,127.001619,2024-10-17,공원녹지과,박민지,010-7821-3456,처리완료
REP_SEO_00033,USER_19171,GRP_SEO_0034,통행시설물,보차도경계석,2,37.611904,126.958659,2024-08-19,도로과,조성민,010-2233-4455,처리진행중
REP_SEO_00034,USER_97410,GRP_SEO_0022,휴게시설물,등받이없는벤치,2,37.522818,126.869342,2024-12-03,공원녹지과,박민지,010-7821-3456,처리완료
REP_SEO_00035,USER_59695,GRP_SEO_0021,통행시설물,보도블록,2,37.597942,127.104386,2024-08-14,도로과,김도현,010-3245-8612,처리진행중
REP_SEO_00036,USER_10053,GRP_SEO_0048,보호시설물,보호시설물볼라드,2,37.557367,127.01012,2025-03-21,시설관리과,정현우,010-8877-6655,처리완료
REP_SEO_00037,USER_98555,GRP_SEO_0019,휴게시설물,등받이있는벤치,2,37.585449,126.909687,2025-05-21,공원녹지과,윤서연,010-3344-5566,처리완료
REP_SEO_00038,USER_97012,GRP_SEO_0033,휴게시설물,등받이없는벤치,1,37.597241,126.8933,2024-04-26,공원녹지과,박민지,010-7821-3456,처리진행중
REP_SEO_00039,USER_36100,GRP_SEO_0040,휴게시설물,등받이있는벤치,1,37.638268,127.114893,2024-12-13,공원녹지과,박민지,010-7821-3456,처리완료
REP_SEO_00040,USER_92544,GRP_SEO_0002,통행시설물,보도블록,2,37.507933,126.88982,2024-04-14,도로과,조성민,010-2233-4455,처리진행중
REP_SEO_00041,USER_10726,GRP_SEO_0013,보호시설물,보호시설물볼라드,1,37.580307,127.064303,2024-10-06,시설관리과,정현우,010-8877-6655,신고접수
REP_SEO_00042,USER_77889,GRP_SEO_0050,휴게시설물,등받이없는벤치,3,37.582148,126.926789,2024-07-29,공원녹지과,박민지,010-7821-3456,처리완료
REP_SEO_00043,USER_70901,GRP_SEO_0004,휴게시설물,등받이있는벤치,1,37.521087,127.006637,2025-05-12,공원녹지과,박민지,010-7821-3456,처리진행중
REP_SEO_00044,USER_76162,GRP_SEO_0034,통행시설물,보차도경계석,3,37.611916,126.95867,2025-10-19,도로과,강민혁,010-5566-7788,처리완료
REP_SEO_00045,USER_42406,GRP_SEO_0036,통행시설물,보차도경계석,1,37.645351,127.080901,2025-05-05,도로과,강민혁,010-5566-7788,처리진행중
REP_SEO_00046,USER_20155,GRP_SEO_0018,통행시설물,보차도경계석,1,37.600854,127.058233,2024-10-01,도로과,조성민,010-2233-4455,신고접수
REP_SEO_00047,USER_60205,GRP_SEO_0019,휴게시설물,등받이있는벤치,1,37.585454,126.909597,2024-06-20,공원녹지과,박민지,010-7821-3456,처리진행중
REP_SEO_00048,USER_64496,GRP_SEO_0010,보호시설물,보호시설물볼라드,2,37.624878,127.034993,2025-01-03,시설관리과,정현우,010-8877-6655,처리완료
REP_SEO_00049,USER_10772,GRP_SEO_0014,휴게시설물,등받이없는벤치,2,37.594175,127.084168,2025-09-11,공원녹지과,박민지,010-7821-3456,처리완료
REP_SEO_00050,USER_81582,GRP_SEO_0020,통행시설물,보도블록,2,37.512012,126.970113,2025-08-04,도로과,강민혁,010-5566-7788,처리진행중
REP_SEO_00051,USER_97670,GRP_SEO_0015,휴게시설물,등받이있는벤치,2,37.626125,127.111235,2024-02-29,공원녹지과,윤서연,010-3344-5566,처리진행중
REP_SEO_00052,USER_61645,GRP_SEO_0026,통행시설물,보차도경계석,2,37.608302,126.984314,2025-10-29,도로과,김도현,010-3245-8612,처리진행중
REP_SEO_00053,USER_33819,GRP_SEO_0037,휴게시설물,등받이있는벤치,3,37.628668,126.946466,2024-06-17,공원녹지과,윤서연,010-3344-5566,처리완료
REP_SEO_00054,USER_59692,GRP_SEO_0017,보호시설물,보호시설물볼라드,2,37.511814,126.962971,2025-01-10,시설관리과,정현우,010-8877-6655,처리완료
REP_SEO_00055,USER_80702,GRP_SEO_0049,휴게시설물,등받이있는벤치,1,37.525995,126.878552,2025-05-26,공원녹지과,박민지,010-7821-3456,처리완료
REP_SEO_00056,USER_36130,GRP_SEO_0023,보호시설물,보호시설물볼라드,3,37.551137,126.879108,2024-03-02,시설관리과,이지훈,010-9234-5678,처리완료
REP_SEO_00057,USER_70952,GRP_SEO_0040,휴게시설물,등받이있는벤치,3,37.638232,127.114755,2025-08-30,공원녹지과,박민지,010-7821-3456,처리진행중
REP_SEO_00058,USER_24168,GRP_SEO_0017,보호시설물,보호시설물볼라드,3,37.511891,126.962962,2024-07-16,시설관리과,이지훈,010-9234-5678,처리진행중
REP_SEO_00059,USER_35995,GRP_SEO_0002,통행시설물,보도블록,3,37.50811,126.889739,2025-03-12,도로과,강민혁,010-5566-7788,처리완료
REP_SEO_00060,USER_88697,GRP_SEO_0038,통행시설물,보도블록,3,37.510257,127.081154,2024-12-04,도로과,김도현,010-3245-8612,처리완료
REP_SEO_00061,USER_94874,GRP_SEO_0037,휴게시설물,등받이있는벤치,1,37.628692,126.946518,2025-02-13,공원녹지과,윤서연,010-3344-5566,처리완료
REP_SEO_00062,USER_93307,GRP_SEO_0001,휴게시설물,등받이있는벤치,3,37.489197,126.939823,2025-04-18,공원녹지과,박민지,010-7821-3456,처리완료
REP_SEO_00063,USER_80539,GRP_SEO_0046,통행시설물,점자블록,1,37.64405,127.12932,2025-11-27,도로과,조성민,010-2233-4455,신고접수
REP_SEO_00064,USER_21359,GRP_SEO_0031,휴게시설물,등받이있는벤치,3,37.54848,127.032873,2024-12-26,공원녹지과,윤서연,010-3344-5566,처리완료
REP_SEO_00065,USER_52600,GRP_SEO_0029,휴게시설물,등받이없는벤치,1,37.627031,126.904317,2025-01-09,공원녹지과,윤서연,010-3344-5566,처리완료
REP_SEO_00066,USER_46211,GRP_SEO_0032,통행시설물,트랜치,3,37.572246,127.141672,2024-11-12,도로과,강민혁,010-5566-7788,처리진행중
REP_SEO_00067,USER_41499,GRP_SEO_0001,휴게시설물,등받이있는벤치,2,37.48913,126.939697,2025-03-22,공원녹지과,박민지,010-7821-3456,처리진행중
REP_SEO_00068,USER_63005,GRP_SEO_0031,휴게시설물,등받이있는벤치,1,37.548516,127.032806,2024-05-05,공원녹지과,박민지,010-7821-3456,처리진행중
REP_SEO_00069,USER_65771,GRP_SEO_0016,통행시설물,점자블록,2,37.530827,127.044365,2025-08-19,도로과,강민혁,010-5566-7788,신고접수
REP_SEO_00070,USER_25814,GRP_SEO_0036,통행시설물,보차도경계석,1,37.645328,127.08101,2024-12-09,도로과,강민혁,010-5566-7788,신고접수
REP_SEO_00071,USER_73464,GRP_SEO_0013,보호시설물,보호시설물볼라드,1,37.580226,127.064374,2024-08-14,시설관리과,이지훈,010-9234-5678,처리완료
REP_SEO_00072,USER_35443,GRP_SEO_0047,통행시설물,보도블록,3,37.602654,126.97576,2024-11-15,도로과,조성민,010-2233-4455,처리완료
REP_SEO_00073,USER_17146,GRP_SEO_0015,휴게시설물,등받이있는벤치,1,37.6261,127.111241,2024-11-06,공원녹지과,박민지,010-7821-3456,처리진행중
REP_SEO_00074,USER_85243,GRP_SEO_0019,휴게시설물,등받이있는벤치,3,37.585546,126.909555,2024-05-15,공원녹지과,윤서연,010-3344-5566,처리완료
REP_SEO_00075,USER_72616,GRP_SEO_0031,휴게시설물,등받이있는벤치,3,37.548482,127.032776,2024-10-15,공원녹지과,박민지,010-7821-3456,처리완료
REP_SEO_00076,USER_83772,GRP_SEO_0005,휴게시설물,등받이없는벤치,1,37.577586,127.067561,2024-07-04,공원녹지과,박민지,010-7821-3456,처리완료
REP_SEO_00077,USER_91057,GRP_SEO_0006,통행시설물,점자블록,2,37.521471,127.030811,2025-10-12,도로과,강민혁,010-5566-7788,처리완료
REP_SEO_00078,USER_66207,GRP_SEO_0050,휴게시설물,등받이없는벤치,3,37.582075,126.926723,2024-11-30,공원녹지과,윤서연,010-3344-5566,처리완료
REP_SEO_00079,USER_44687,GRP_SEO_0037,휴게시설물,등받이있는벤치,2,37.62866,126.946571,2024-08-30,공원녹지과,박민지,010-7821-3456,처리진행중
REP_SEO_00080,USER_69048,GRP_SEO_0006,통행시설물,점자블록,1,37.521304,127.030822,2024-07-09,도로과,김도현,010-3245-8612,처리진행중
REP_SEO_00081,USER_69510,GRP_SEO_0039,휴게시설물,등받이없는벤치,2,37.58382,127.001602,2024-11-15,공원녹지과,윤서연,010-3344-5566,처리완료
REP_SEO_00082,USER_35928,GRP_SEO_0044,통행시설물,맨홀,2,37.506131,126.997785,2025-09-25,도로과,조성민,010-2233-4455,처리완료
REP_SEO_00083,USER_31747,GRP_SEO_0008,통행시설물,점자블록,1,37.54115,126.905119,2024-06-24,도로과,강민혁,010-5566-7788,처리완료
REP_SEO_00084,USER_49857,GRP_SEO_0039,휴게시설물,등받이없는벤치,1,37.583876,127.001709,2025-04-24,공원녹지과,윤서연,010-3344-5566,처리진행중
REP_SEO_00085,USER_15224,GRP_SEO_0026,통행시설물,보차도경계석,1,37.608346,126.984246,2025-04-23,도로과,강민혁,010-5566-7788,처리완료
REP_SEO_00086,USER_85392,GRP_SEO_0048,보호시설물,보호시설물볼라드,3,37.557251,127.010047,2024-09-21,시설관리과,이지훈,010-9234-5678,처리진행중
REP_SEO_00087,USER_32962,GRP_SEO_0002,통행시설물,보도블록,1,37.508124,126.889758,2025-09-12,도로과,강민혁,010-5566-7788,처리완료
REP_SEO_00088,USER_74451,GRP_SEO_0034,통행시설물,보차도경계석,2,37.611849,126.958734,2025-09-21,도로과,김도현,010-3245-8612,처리완료
REP_SEO_00089,USER_74942,GRP_SEO_0031,휴게시설물,등받이있는벤치,2,37.548456,127.032774,2024-07-13,공원녹지과,박민지,010-7821-3456,처리완료
REP_SEO_00090,USER_43082,GRP_SEO_0043,휴게시설물,등받이있는벤치,1,37.646456,127.014548,2025-05-10,공원녹지과,박민지,010-7821-3456,처리완료
REP_SEO_00091,USER_81118,GRP_SEO_0008,통행시설물,점자블록,2,37.541235,126.90507,2024-02-01,도로과,조성민,010-2233-4455,처리완료
REP_SEO_00092,USER_16764,GRP_SEO_0027,통행시설물,점자블록,2,37.54464,127.149228,2025-06-24,도로과,조성민,010-2233-4455,처리완료
REP_SEO_00093,USER_92578,GRP_SEO_0018,통행시설물,보차도경계석,1,37.60081,127.058314,2025-06-10,도로과,강민혁,010-5566-7788,처리진행중
REP_SEO_00094,USER_39451,GRP_SEO_0016,통행시설물,점자블록,2,37.530908,127.044311,2025-08-18,도로과,김도현,010-3245-8612,처리완료
REP_SEO_00095,USER_48254,GRP_SEO_0030,통행시설물,맨홀,3,37.615783,126.982456,2025-06-24,도로과,김도현,010-3245-8612,처리완료
REP_SEO_00096,USER_28958,GRP_SEO_0046,통행시설물,점자블록,2,37.644075,127.129452,2024-10-06,도로과,강민혁,010-5566-7788,처리완료
REP_SEO_00097,USER_64387,GRP_SEO_0013,보호시설물,보호시설물볼라드,1,37.580347,127.064327,2024-04-11,시설관리과,이지훈,010-9234-5678,처리완료
REP_SEO_00098,USER_96499,GRP_SEO_0033,휴게시설물,등받이없는벤치,2,37.5972,126.893121,2025-09-23,공원녹지과,윤서연,010-3344-5566,처리완료
REP_SEO_00099,USER_59441,GRP_SEO_0010,보호시설물,보호시설물볼라드,2,37.624826,127.035077,2025-08-18,시설관리과,정현우,010-8877-6655,처리완료
REP_SEO_00100,USER_63841,GRP_SEO_0021,통행시설물,보도블록,2,37.598035,127.104523,2025-09-07,도로과,김도현,010-3245-8612,처리완료
REP_SEO_00101,USER_95461,GRP_SEO_0021,통행시설물,보도블록,3,37.59801,127.104468,2025-03-01,도로과,강민혁,010-5566-7788,처리완료
REP_SEO_00102,USER_67711,GRP_SEO_0032,통행시설물,트랜치,3,37.572397,127.141538,2025-01-04,도로과,조성민,010-2233-4455,처리완료
REP_SEO_00103,USER_30232,GRP_SEO_0034,통행시설물,보차도경계석,3,37.611901,126.958554,2025-03-25,도로과,김도현,010-3245-8612,처리완료
REP_SEO_00104,USER_53065,GRP_SEO_0031,휴게시설물,등받이있는벤치,1,37.548543,127.032761,2025-11-26,공원녹지과,윤서연,010-3344-5566,처리진행중
REP_SEO_00105,USER_14705,GRP_SEO_0035,통행시설물,보차도경계석,3,37.556712,126.991543,2025-06-13,도로과,조성민,010-2233-4455,처리진행중
REP_SEO_00106,USER_66881,GRP_SEO_0005,휴게시설물,등받이없는벤치,2,37.577552,127.067683,2024-09-19,공원녹지과,윤서연,010-3344-5566,처리완료
REP_SEO_00107,USER_13794,GRP_SEO_0049,휴게시설물,등받이있는벤치,2,37.525931,126.878642,2024-07-19,공원녹지과,윤서연,010-3344-5566,처리완료
REP_SEO_00108,USER_79621,GRP_SEO_0021,통행시설물,보도블록,1,37.598021,127.104386,2025-04-16,도로과,강민혁,010-5566-7788,처리완료
REP_SEO_00109,USER_60140,GRP_SEO_0037,휴게시설물,등받이있는벤치,2,37.628672,126.946485,2024-04-20,공원녹지과,박민지,010-7821-3456,처리진행중
REP_SEO_00110,USER_43289,GRP_SEO_0044,통행시설물,맨홀,2,37.506133,126.997914,2024-09-24,도로과,김도현,010-3245-8612,처리완료
REP_SEO_00111,USER_30706,GRP_SEO_0017,보호시설물,보호시설물볼라드,2,37.511871,126.963108,2024-11-20,시설관리과,정현우,010-8877-6655,처리완료
REP_SEO_00112,USER_42780,GRP_SEO_0029,휴게시설물,등받이없는벤치,3,37.627171,126.904422,2025-11-15,공원녹지과,윤서연,010-3344-5566,처리완료
REP_SEO_00113,USER_84963,GRP_SEO_0020,통행시설물,보도블록,1,37.511901,126.970019,2024-05-19,도로과,강민혁,010-5566-7788,처리완료
REP_SEO_00114,USER_84177,GRP_SEO_0037,휴게시설물,등받이있는벤치,1,37.628595,126.946589,2025-03-11,공원녹지과,박민지,010-7821-3456,처리진행중
REP_SEO_00115,USER_40162,GRP_SEO_0050,휴게시설물,등받이없는벤치,2,37.58212,126.926643,2024-11-19,공원녹지과,윤서연,010-3344-5566,처리진행중
REP_SEO_00116,USER_92242,GRP_SEO_0023,보호시설물,보호시설물볼라드,2,37.551136,126.879133,2024-06-19,시설관리과,정현우,010-8877-6655,처리진행중
REP_SEO_00117,USER_48680,GRP_SEO_0003,휴게시설물,등받이있는벤치,1,37.582393,126.869205,2024-06-13,공원녹지과,윤서연,010-3344-5566,처리완료
REP_SEO_00118,USER_45720,GRP_SEO_0048,보호시설물,보호시설물볼라드,2,37.55727,127.010037,2025-07-27,시설관리과,정현우,010-8877-6655,처리완료
REP_SEO_00119,USER_71385,GRP_SEO_0017,보호시설물,보호시설물볼라드,3,37.511921,126.963117,2025-01-11,시설관리과,정현우,010-8877-6655,처리완료
REP_SEO_00120,USER_61717,GRP_SEO_0010,보호시설물,보호시설물볼라드,2,37.624887,127.035026,2025-08-23,시설관리과,정현우,010-8877-6655,처리완료
REP_SEO_00121,USER_93695,GRP_SEO_0017,보호시설물,보호시설물볼라드,2,37.511845,126.963019,2025-09-20,시설관리과,정현우,010-8877-6655,처리완료
REP_SEO_00122,USER_18285,GRP_SEO_0007,휴게시설물,등받이없는벤치,1,37.610238,126.906295,2025-10-16,공원녹지과,윤서연,010-3344-5566,처리진행중
REP_SEO_00123,USER_14877,GRP_SEO_0030,통행시설물,맨홀,1,37.615775,126.982387,2024-05-29,도로과,강민혁,010-5566-7788,처리완료
REP_SEO_00124,USER_58629,GRP_SEO_0032,통행시설물,트랜치,2,37.572227,127.14156,2024-06-17,도로과,조성민,010-2233-4455,처리진행중
REP_SEO_00125,USER_74139,GRP_SEO_0048,보호시설물,보호시설물볼라드,2,37.557326,127.010105,2025-03-30,시설관리과,이지훈,010-9234-5678,처리진행중
REP_SEO_00126,USER_68287,GRP_SEO_0027,통행시설물,점자블록,1,37.544817,127.14918,2025-02-13,도로과,조성민,010-2233-4455,처리완료
REP_SEO_00127,USER_34878,GRP_SEO_0024,보호시설물,보호시설물볼라드,2,37.520003,127.004814,2024-04-02,시설관리과,정현우,010-8877-6655,처리완료
REP_SEO_00128,USER_16629,GRP_SEO_0030,통행시설물,맨홀,3,37.615611,126.982369,2025-10-03,도로과,조성민,010-2233-4455,처리완료
REP_SEO_00129,USER_82641,GRP_SEO_0016,통행시설물,점자블록,3,37.530963,127.044406,2024-04-10,도로과,김도현,010-3245-8612,처리완료
REP_SEO_00130,USER_88116,GRP_SEO_0038,통행시설물,보도블록,2,37.510162,127.081202,2024-06-30,도로과,강민혁,010-5566-7788,처리완료
REP_SEO_00131,USER_32871,GRP_SEO_0018,통행시설물,보차도경계석,1,37.600872,127.058158,2025-08-06,도로과,김도현,010-3245-8612,처리완료
REP_SEO_00132,USER_12068,GRP_SEO_0043,휴게시설물,등받이있는벤치,2,37.646441,127.014411,2024-09-30,공원녹지과,윤서연,010-3344-5566,처리완료
REP_SEO_00133,USER_57453,GRP_SEO_0017,보호시설물,보호시설물볼라드,2,37.511748,126.963077,2024-04-05,시설관리과,이지훈,010-9234-5678,처리완료
REP_SEO_00134,USER_96363,GRP_SEO_0038,통행시설물,보도블록,2,37.51014,127.081129,2024-03-15,도로과,조성민,010-2233-4455,처리완료
REP_SEO_00135,USER_65872,GRP_SEO_0020,통행시설물,보도블록,3,37.511953,126.970135,2025-06-04,도로과,김도현,010-3245-8612,처리진행중
REP_SEO_00136,USER_29442,GRP_SEO_0007,휴게시설물,등받이없는벤치,2,37.610201,126.906383,2024-04-22,공원녹지과,박민지,010-7821-3456,처리완료
REP_SEO_00137,USER_79541,GRP_SEO_0009,보호시설물,보호시설물볼라드,3,37.50182,126.970206,2025-02-24,시설관리과,정현우,010-8877-6655,처리완료
REP_SEO_00138,USER_95316,GRP_SEO_0030,통행시설물,맨홀,3,37.615694,126.982412,2024-05-27,도로과,조성민,010-2233-4455,신고접수
REP_SEO_00139,USER_69441,GRP_SEO_0036,통행시설물,보차도경계석,2,37.645406,127.080912,2024-09-20,도로과,강민혁,010-5566-7788,처리완료
REP_SEO_00140,USER_30006,GRP_SEO_0027,통행시설물,점자블록,2,37.544775,127.149187,2024-10-18,도로과,강민혁,010-5566-7788,처리진행중
REP_SEO_00141,USER_58843,GRP_SEO_0031,휴게시설물,등받이있는벤치,1,37.5484,127.032874,2025-04-17,공원녹지과,박민지,010-7821-3456,처리완료
REP_SEO_00142,USER_63845,GRP_SEO_0036,통행시설물,보차도경계석,2,37.645274,127.08106,2025-01-02,도로과,조성민,010-2233-4455,처리완료
REP_SEO_00143,USER_56090,GRP_SEO_0043,휴게시설물,등받이있는벤치,2,37.646456,127.014469,2024-11-20,공원녹지과,박민지,010-7821-3456,처리완료
REP_SEO_00144,USER_55890,GRP_SEO_0037,휴게시설물,등받이있는벤치,3,37.628637,126.94648,2024-09-16,공원녹지과,윤서연,010-3344-5566,처리진행중
REP_SEO_00145,USER_91490,GRP_SEO_0024,보호시설물,보호시설물볼라드,3,37.520006,127.004733,2025-04-14,시설관리과,이지훈,010-9234-5678,처리진행중
REP_SEO_00146,USER_45818,GRP_SEO_0044,통행시설물,맨홀,1,37.506213,126.997737,2024-10-30,도로과,조성민,010-2233-4455,처리진행중
REP_SEO_00147,USER_84228,GRP_SEO_0049,휴게시설물,등받이있는벤치,3,37.525866,126.878535,2024-08-03,공원녹지과,박민지,010-7821-3456,처리진행중
REP_SEO_00148,USER_38197,GRP_SEO_0026,통행시설물,보차도경계석,2,37.608171,126.984294,2024-05-03,도로과,김도현,010-3245-8612,처리완료
REP_SEO_00149,USER_84395,GRP_SEO_0027,통행시설물,점자블록,2,37.54472,127.149156,2024-12-28,도로과,강민혁,010-5566-7788,처리진행중
REP_SEO_00150,USER_45665,GRP_SEO_0006,통행시설물,점자블록,2,37.521449,127.030818,2024-03-21,도로과,조성민,010-2233-4455,처리완료
REP_SEO_00151,USER_77154,GRP_SEO_0043,휴게시설물,등받이있는벤치,1,37.646352,127.014506,2024-11-05,공원녹지과,윤서연,010-3344-5566,처리완료
REP_SEO_00152,USER_15952,GRP_SEO_0023,보호시설물,보호시설물볼라드,2,37.551178,126.879151,2025-07-23,시설관리과,정현우,010-8877-6655,처리완료
REP_SEO_00153,USER_27987,GRP_SEO_0026,통행시설물,보차도경계석,3,37.608354,126.984157,2024-12-04,도로과,김도현,010-3245-8612,신고접수
REP_SEO_00154,USER_59834,GRP_SEO_0017,보호시설물,보호시설물볼라드,1,37.511796,126.962952,2025-04-15,시설관리과,정현우,010-8877-6655,처리완료
REP_SEO_00155,USER_15544,GRP_SEO_0046,통행시설물,점자블록,1,37.644066,127.129397,2025-01-27,도로과,조성민,010-2233-4455,처리완료
REP_SEO_00156,USER_63008,GRP_SEO_0002,통행시설물,보도블록,2,37.508016,126.889639,2025-09-11,도로과,강민혁,010-5566-7788,신고접수
REP_SEO_00157,USER_91018,GRP_SEO_0041,통행시설물,보차도경계석,1,37.524493,126.929776,2024-12-28,도로과,김도현,010-3245-8612,처리완료
REP_SEO_00158,USER_62487,GRP_SEO_0045,통행시설물,맨홀,2,37.528818,127.112923,2024-10-06,도로과,김도현,010-3245-8612,처리완료
REP_SEO_00159,USER_32037,GRP_SEO_0006,통행시설물,점자블록,2,37.521352,127.030849,2024-09-13,도로과,강민혁,010-5566-7788,처리완료
REP_SEO_00160,USER_94599,GRP_SEO_0033,휴게시설물,등받이없는벤치,2,37.597273,126.893226,2025-01-22,공원녹지과,박민지,010-7821-3456,처리완료
REP_SEO_00161,USER_95918,GRP_SEO_0016,통행시설물,점자블록,1,37.530786,127.0443,2025-10-08,도로과,김도현,010-3245-8612,처리완료
REP_SEO_00162,USER_68838,GRP_SEO_0012,통행시설물,점자블록,2,37.498092,126.945047,2025-08-30,도로과,강민혁,010-5566-7788,처리진행중
REP_SEO_00163,USER_67640,GRP_SEO_0037,휴게시설물,등받이있는벤치,2,37.628664,126.946646,2025-11-03,공원녹지과,윤서연,010-3344-5566,처리완료
REP_SEO_00164,USER_76497,GRP_SEO_0031,휴게시설물,등받이있는벤치,1,37.548475,127.032768,2025-09-27,공원녹지과,윤서연,010-3344-5566,처리완료
REP_SEO_00165,USER_21835,GRP_SEO_0020,통행시설물,보도블록,1,37.511954,126.96995,2024-11-19,도로과,강민혁,010-5566-7788,처리진행중
REP_SEO_00166,USER_84928,GRP_SEO_0039,휴게시설물,등받이없는벤치,3,37.583827,127.001688,2025-05-05,공원녹지과,박민지,010-7821-3456,처리진행중
REP_SEO_00167,USER_55015,GRP_SEO_0013,보호시설물,보호시설물볼라드,2,37.580227,127.064321,2024-04-03,시설관리과,이지훈,010-9234-5678,신고접수
REP_SEO_00168,USER_78690,GRP_SEO_0006,통행시설물,점자블록,3,37.521374,127.030822,2025-04-23,도로과,김도현,010-3245-8612,처리완료
REP_SEO_00169,USER_54350,GRP_SEO_0040,휴게시설물,등받이있는벤치,2,37.638233,127.114804,2025-03-02,공원녹지과,윤서연,010-3344-5566,처리진행중
REP_SEO_00170,USER_83133,GRP_SEO_0039,휴게시설물,등받이없는벤치,2,37.583736,127.001722,2024-04-07,공원녹지과,윤서연,010-3344-5566,처리진행중
REP_SEO_00171,USER_53694,GRP_SEO_0025,통행시설물,트랜치,3,37.508531,126.900538,2025-10-09,도로과,조성민,010-2233-4455,처리완료
REP_SEO_00172,USER_21104,GRP_SEO_0038,통행시설물,보도블록,1,37.510251,127.081211,2025-03-07,도로과,강민혁,010-5566-7788,처리완료
REP_SEO_00173,USER_97878,GRP_SEO_0036,통행시설물,보차도경계석,1,37.645337,127.081027,2025-07-23,도로과,김도현,010-3245-8612,처리완료
REP_SEO_00174,USER_73736,GRP_SEO_0033,휴게시설물,등받이없는벤치,2,37.597219,126.893193,2024-09-06,공원녹지과,박민지,010-7821-3456,처리완료
REP_SEO_00175,USER_80748,GRP_SEO_0015,휴게시설물,등받이있는벤치,2,37.626227,127.111211,2024-05-13,공원녹지과,윤서연,010-3344-5566,신고접수
REP_SEO_00176,USER_30218,GRP_SEO_0034,통행시설물,보차도경계석,2,37.611726,126.958618,2024-06-13,도로과,조성민,010-2233-4455,처리완료
REP_SEO_00177,USER_57749,GRP_SEO_0012,통행시설물,점자블록,1,37.498068,126.945076,2025-04-23,도로과,김도현,010-3245-8612,처리진행중
REP_SEO_00178,USER_41348,GRP_SEO_0047,통행시설물,보도블록,1,37.602584,126.975697,2025-05-04,도로과,강민혁,010-5566-7788,처리완료
REP_SEO_00179,USER_60052,GRP_SEO_0031,휴게시설물,등받이있는벤치,2,37.548567,127.032746,2025-05-17,공원녹지과,윤서연,010-3344-5566,처리완료
REP_SEO_00180,USER_42768,GRP_SEO_0034,통행시설물,보차도경계석,1,37.611803,126.958583,2025-10-11,도로과,김도현,010-3245-8612,처리완료
REP_SEO_00181,USER_47363,GRP_SEO_0042,휴게시설물,등받이있는벤치,3,37.499129,127.000911,2025-07-12,공원녹지과,박민지,010-7821-3456,처리완료
REP_SEO_00182,USER_39102,GRP_SEO_0049,휴게시설물,등받이있는벤치,1,37.525836,126.878557,2025-04-22,공원녹지과,박민지,010-7821-3456,처리완료
REP_SEO_00183,USER_60615,GRP_SEO_0023,보호시설물,보호시설물볼라드,2,37.551278,126.879178,2025-06-28,시설관리과,정현우,010-8877-6655,처리완료
REP_SEO_00184,USER_29142,GRP_SEO_0024,보호시설물,보호시설물볼라드,2,37.520028,127.004741,2025-11-26,시설관리과,이지훈,010-9234-5678,처리완료
REP_SEO_00185,USER_10688,GRP_SEO_0003,휴게시설물,등받이있는벤치,2,37.582389,126.869283,2025-05-25,공원녹지과,박민지,010-7821-3456,처리완료
REP_SEO_00186,USER_24573,GRP_SEO_0002,통행시설물,보도블록,2,37.507975,126.889791,2025-10-15,도로과,조성민,010-2233-4455,신고접수
REP_SEO_00187,USER_91633,GRP_SEO_0019,휴게시설물,등받이있는벤치,2,37.585454,126.909555,2025-04-04,공원녹지과,박민지,010-7821-3456,처리완료
REP_SEO_00188,USER_41711,GRP_SEO_0005,휴게시설물,등받이없는벤치,2,37.577528,127.067727,2025-11-08,공원녹지과,박민지,010-7821-3456,신고접수
REP_SEO_00189,USER_34551,GRP_SEO_0010,보호시설물,보호시설물볼라드,2,37.624795,127.034981,2024-10-03,시설관리과,정현우,010-8877-6655,처리진행중
REP_SEO_00190,USER_76535,GRP_SEO_0043,휴게시설물,등받이있는벤치,2,37.646285,127.01458,2025-07-22,공원녹지과,박민지,010-7821-3456,처리진행중
REP_SEO_00191,USER_43246,GRP_SEO_0002,통행시설물,보도블록,3,37.508002,126.889718,2025-03-02,도로과,조성민,010-2233-4455,신고접수
REP_SEO_00192,USER_86271,GRP_SEO_0002,통행시설물,보도블록,1,37.507995,126.889637,2025-11-04,도로과,김도현,010-3245-8612,신고접수
REP_SEO_00193,USER_99742,GRP_SEO_0049,휴게시설물,등받이있는벤치,1,37.525871,126.878476,2025-11-19,공원녹지과,윤서연,010-3344-5566,처리완료
REP_SEO_00194,USER_69988,GRP_SEO_0045,통행시설물,맨홀,2,37.52873,127.112942,2024-04-04,도로과,김도현,010-3245-8612,처리완료
REP_SEO_00195,USER_77552,GRP_SEO_0019,휴게시설물,등받이있는벤치,3,37.585447,126.909688,2024-12-19,공원녹지과,박민지,010-7821-3456,처리완료
REP_SEO_00196,USER_16265,GRP_SEO_0035,통행시설물,보차도경계석,1,37.556731,126.991487,2024-08-13,도로과,조성민,010-2233-4455,처리진행중
REP_SEO_00197,USER_60678,GRP_SEO_0022,휴게시설물,등받이없는벤치,2,37.522748,126.869369,2025-03-15,공원녹지과,윤서연,010-3344-5566,처리완료
REP_SEO_00198,USER_65640,GRP_SEO_0012,통행시설물,점자블록,3,37.498001,126.945021,2024-10-30,도로과,조성민,010-2233-4455,처리완료
REP_SEO_00199,USER_20494,GRP_SEO_0028,통행시설물,맨홀,2,37.569092,126.886428,2024-11-26,도로과,조성민,010-2233-4455,처리완료
REP_SEO_00200,USER_56077,GRP_SEO_0043,휴게시설물,등받이있는벤치,2,37.646327,127.014474,2024-07-19,공원녹지과,윤서연,010-3344-5566,처리완료
REP_SEO_00201,USER_17518,GRP_SEO_0003,휴게시설물,등받이있는벤치,2,37.582477,126.869299,2024-11-07,공원녹지과,윤서연,010-3344-5566,처리완료
REP_SEO_00202,USER_89635,GRP_SEO_0043,휴게시설물,등받이있는벤치,1,37.646395,127.014457,2024-03-02,공원녹지과,박민지,010-7821-3456,처리진행중
REP_SEO_00203,USER_84349,GRP_SEO_0029,휴게시설물,등받이없는벤치,2,37.626989,126.904237,2025-02-04,공원녹지과,윤서연,010-3344-5566,처리완료
REP_SEO_00204,USER_20077,GRP_SEO_0039,휴게시설물,등받이없는벤치,2,37.583757,127.001686,2025-02-14,공원녹지과,윤서연,010-3344-5566,처리진행중
REP_SEO_00205,USER_13396,GRP_SEO_0009,보호시설물,보호시설물볼라드,3,37.501871,126.970159,2024-10-12,시설관리과,정현우,010-8877-6655,신고접수
REP_SEO_00206,USER_44116,GRP_SEO_0012,통행시설물,점자블록,1,37.498002,126.944999,2024-05-30,도로과,조성민,010-2233-4455,신고접수
REP_SEO_00207,USER_19706,GRP_SEO_0029,휴게시설물,등받이없는벤치,1,37.627025,126.904346,2024-08-22,공원녹지과,윤서연,010-3344-5566,처리완료
REP_SEO_00208,USER_18511,GRP_SEO_0012,통행시설물,점자블록,2,37.498082,126.945011,2024-12-23,도로과,김도현,010-3245-8612,처리진행중
REP_SEO_00209,USER_57381,GRP_SEO_0035,통행시설물,보차도경계석,1,37.556694,126.99154,2025-11-14,도로과,김도현,010-3245-8612,처리완료
REP_SEO_00210,USER_13445,GRP_SEO_0015,휴게시설물,등받이있는벤치,2,37.626052,127.11122,2024-09-29,공원녹지과,박민지,010-7821-3456,처리완료
REP_SEO_00211,USER_21300,GRP_SEO_0036,통행시설물,보차도경계석,2,37.645376,127.080963,2024-06-11,도로과,조성민,010-2233-4455,처리완료
REP_SEO_00212,USER_63665,GRP_SEO_0020,통행시설물,보도블록,2,37.511941,126.970085,2025-07-22,도로과,강민혁,010-5566-7788,처리진행중
REP_SEO_00213,USER_77811,GRP_SEO_0005,휴게시설물,등받이없는벤치,2,37.577531,127.067609,2025-05-05,공원녹지과,박민지,010-7821-3456,처리완료
REP_SEO_00214,USER_17263,GRP_SEO_0009,보호시설물,보호시설물볼라드,2,37.50194,126.970235,2024-06-11,시설관리과,이지훈,010-9234-5678,처리완료
REP_SEO_00215,USER_78012,GRP_SEO_0034,통행시설물,보차도경계석,2,37.611749,126.958584,2024-09-17,도로과,강민혁,010-5566-7788,처리완료
REP_SEO_00216,USER_49691,GRP_SEO_0006,통행시설물,점자블록,1,37.521323,127.030914,2024-11-07,도로과,조성민,010-2233-4455,처리진행중
REP_SEO_00217,USER_96341,GRP_SEO_0035,통행시설물,보차도경계석,1,37.556655,126.991608,2025-09-16,도로과,조성민,010-2233-4455,처리진행중
REP_SEO_00218,USER_13718,GRP_SEO_0047,통행시설물,보도블록,3,37.602717,126.975675,2024-03-13,도로과,조성민,010-2233-4455,처리완료
REP_SEO_00219,USER_84991,GRP_SEO_0003,휴게시설물,등받이있는벤치,1,37.582521,126.869271,2025-11-27,공원녹지과,윤서연,010-3344-5566,처리완료
REP_SEO_00220,USER_73300,GRP_SEO_0040,휴게시설물,등받이있는벤치,3,37.638329,127.114829,2025-11-18,공원녹지과,윤서연,010-3344-5566,처리완료
REP_SEO_00221,USER_64476,GRP_SEO_0044,통행시설물,맨홀,1,37.506166,126.997823,2024-04-01,도로과,조성민,010-2233-4455,처리완료
REP_SEO_00222,USER_55268,GRP_SEO_0030,통행시설물,맨홀,2,37.615634,126.982448,2024-12-22,도로과,강민혁,010-5566-7788,처리완료
REP_SEO_00223,USER_26059,GRP_SEO_0009,보호시설물,보호시설물볼라드,1,37.501917,126.970182,2024-12-22,시설관리과,이지훈,010-9234-5678,처리완료
REP_SEO_00224,USER_64805,GRP_SEO_0029,휴게시설물,등받이없는벤치,3,37.627032,126.904243,2025-02-27,공원녹지과,윤서연,010-3344-5566,처리완료
REP_SEO_00225,USER_75308,GRP_SEO_0011,휴게시설물,등받이없는벤치,2,37.605468,127.015593,2024-08-12,공원녹지과,윤서연,010-3344-5566,처리완료
REP_SEO_00226,USER_76249,GRP_SEO_0030,통행시설물,맨홀,3,37.615693,126.982388,2024-05-02,도로과,김도현,010-3245-8612,처리완료
REP_SEO_00227,USER_95755,GRP_SEO_0016,통행시설물,점자블록,2,37.530809,127.044319,2024-11-14,도로과,김도현,010-3245-8612,처리진행중
REP_SEO_00228,USER_44664,GRP_SEO_0031,휴게시설물,등받이있는벤치,1,37.548444,127.032709,2025-04-16,공원녹지과,박민지,010-7821-3456,신고접수
REP_SEO_00229,USER_35513,GRP_SEO_0024,보호시설물,보호시설물볼라드,2,37.520136,127.00475,2024-03-23,시설관리과,정현우,010-8877-6655,처리완료
REP_SEO_00230,USER_91689,GRP_SEO_0036,통행시설물,보차도경계석,1,37.645319,127.080946,2025-08-16,도로과,강민혁,010-5566-7788,처리진행중
REP_SEO_00231,USER_54444,GRP_SEO_0040,휴게시설물,등받이있는벤치,2,37.638225,127.114924,2025-02-16,공원녹지과,윤서연,010-3344-5566,처리진행중
REP_SEO_00232,USER_15100,GRP_SEO_0024,보호시설물,보호시설물볼라드,1,37.520134,127.004717,2025-06-26,시설관리과,정현우,010-8877-6655,처리완료
REP_SEO_00233,USER_77568,GRP_SEO_0046,통행시설물,점자블록,2,37.644086,127.12938,2024-07-01,도로과,강민혁,010-5566-7788,처리완료
REP_SEO_00234,USER_49221,GRP_SEO_0021,통행시설물,보도블록,2,37.598048,127.104391,2025-10-23,도로과,강민혁,010-5566-7788,처리진행중
REP_SEO_00235,USER_12180,GRP_SEO_0022,휴게시설물,등받이없는벤치,1,37.522794,126.869311,2025-08-29,공원녹지과,윤서연,010-3344-5566,처리완료
REP_SEO_00236,USER_72205,GRP_SEO_0022,휴게시설물,등받이없는벤치,1,37.522828,126.869405,2025-11-05,공원녹지과,윤서연,010-3344-5566,처리완료
REP_SEO_00237,USER_32349,GRP_SEO_0042,휴게시설물,등받이있는벤치,2,37.499189,127.000992,2024-03-23,공원녹지과,박민지,010-7821-3456,처리완료
REP_SEO_00238,USER_41745,GRP_SEO_0041,통행시설물,보차도경계석,3,37.524554,126.929908,2024-06-30,도로과,강민혁,010-5566-7788,처리완료
REP_SEO_00239,USER_29848,GRP_SEO_0037,휴게시설물,등받이있는벤치,2,37.628725,126.946471,2025-04-26,공원녹지과,박민지,010-7821-3456,처리완료
REP_SEO_00240,USER_18163,GRP_SEO_0045,통행시설물,맨홀,3,37.528675,127.113006,2025-05-27,도로과,조성민,010-2233-4455,신고접수
REP_SEO_00241,USER_32699,GRP_SEO_0009,보호시설물,보호시설물볼라드,2,37.501868,126.970191,2025-07-22,시설관리과,정현우,010-8877-6655,처리완료
REP_SEO_00242,USER_44650,GRP_SEO_0035,통행시설물,보차도경계석,3,37.556705,126.991551,2025-11-19,도로과,조성민,010-2233-4455,처리진행중
REP_SEO_00243,USER_49008,GRP_SEO_0031,휴게시설물,등받이있는벤치,3,37.548425,127.032757,2024-09-17,공원녹지과,윤서연,010-3344-5566,신고접수
REP_SEO_00244,USER_83464,GRP_SEO_0019,휴게시설물,등받이있는벤치,2,37.585548,126.909668,2024-12-20,공원녹지과,윤서연,010-3344-5566,신고접수
REP_SEO_00245,USER_61712,GRP_SEO_0018,통행시설물,보차도경계석,3,37.600758,127.058244,2025-02-22,도로과,조성민,010-2233-4455,처리완료
REP_SEO_00246,USER_67983,GRP_SEO_0050,휴게시설물,등받이없는벤치,2,37.582132,126.926691,2024-04-20,공원녹지과,윤서연,010-3344-5566,처리진행중
REP_SEO_00247,USER_27992,GRP_SEO_0017,보호시설물,보호시설물볼라드,2,37.511887,126.962971,2025-08-28,시설관리과,정현우,010-8877-6655,처리완료
REP_SEO_00248,USER_40518,GRP_SEO_0040,휴게시설물,등받이있는벤치,1,37.638349,127.114777,2025-07-27,공원녹지과,박민지,010-7821-3456,처리완료
REP_SEO_00249,USER_82135,GRP_SEO_0007,휴게시설물,등받이없는벤치,1,37.610186,126.906345,2024-06-19,공원녹지과,박민지,010-7821-3456,처리완료
REP_SEO_00250,USER_47649,GRP_SEO_0027,통행시설물,점자블록,2,37.54476,127.149301,2025-06-02,도로과,강민혁,010-5566-7788,처리완료
REP_SEO_00251,USER_80143,GRP_SEO_0019,휴게시설물,등받이있는벤치,2,37.585536,126.909712,2025-11-28,공원녹지과,박민지,010-7821-3456,신고접수
REP_SEO_00252,USER_33040,GRP_SEO_0047,통행시설물,보도블록,3,37.602707,126.975615,2025-04-02,도로과,김도현,010-3245-8612,처리완료
REP_SEO_00253,USER_11214,GRP_SEO_0026,통행시설물,보차도경계석,3,37.608315,126.984183,2024-11-22,도로과,조성민,010-2233-4455,처리완료
REP_SEO_00254,USER_94058,GRP_SEO_0037,휴게시설물,등받이있는벤치,2,37.628656,126.946635,2024-11-17,공원녹지과,윤서연,010-3344-5566,처리완료
REP_SEO_00255,USER_24764,GRP_SEO_0034,통행시설물,보차도경계석,1,37.611818,126.958739,2025-05-24,도로과,조성민,010-2233-4455,처리완료
REP_SEO_00256,USER_48669,GRP_SEO_0011,휴게시설물,등받이없는벤치,2,37.605452,127.015536,2024-02-14,공원녹지과,박민지,010-7821-3456,처리진행중
REP_SEO_00257,USER_77538,GRP_SEO_0044,통행시설물,맨홀,3,37.506236,126.997767,2025-03-21,도로과,조성민,010-2233-4455,처리완료
REP_SEO_00258,USER_42512,GRP_SEO_0006,통행시설물,점자블록,2,37.521353,127.030806,2025-06-02,도로과,김도현,010-3245-8612,처리완료
REP_SEO_00259,USER_85088,GRP_SEO_0017,보호시설물,보호시설물볼라드,2,37.511815,126.963018,2025-01-02,시설관리과,정현우,010-8877-6655,처리완료
REP_SEO_00260,USER_30934,GRP_SEO_0017,보호시설물,보호시설물볼라드,2,37.511869,126.963067,2024-05-31,시설관리과,이지훈,010-9234-5678,처리완료
REP_SEO_00261,USER_93717,GRP_SEO_0044,통행시설물,맨홀,2,37.506185,126.997911,2024-12-14,도로과,조성민,010-2233-4455,처리완료
REP_SEO_00262,USER_89395,GRP_SEO_0024,보호시설물,보호시설물볼라드,1,37.520106,127.004721,2025-06-03,시설관리과,이지훈,010-9234-5678,처리완료
REP_SEO_00263,USER_99173,GRP_SEO_0027,통행시설물,점자블록,2,37.54477,127.149307,2024-09-10,도로과,조성민,010-2233-4455,신고접수
REP_SEO_00264,USER_20237,GRP_SEO_0039,휴게시설물,등받이없는벤치,2,37.5839,127.001612,2025-07-24,공원녹지과,윤서연,010-3344-5566,처리진행중
REP_SEO_00265,USER_29641,GRP_SEO_0008,통행시설물,점자블록,2,37.541054,126.905099,2024-08-25,도로과,조성민,010-2233-4455,처리완료
REP_SEO_00266,USER_74071,GRP_SEO_0021,통행시설물,보도블록,2,37.598032,127.104415,2024-08-28,도로과,조성민,010-2233-4455,처리완료
REP_SEO_00267,USER_83912,GRP_SEO_0033,휴게시설물,등받이없는벤치,2,37.597236,126.893131,2025-07-09,공원녹지과,박민지,010-7821-3456,처리완료
REP_SEO_00268,USER_10395,GRP_SEO_0036,통행시설물,보차도경계석,2,37.645354,127.08103,2024-02-22,도로과,조성민,010-2233-4455,신고접수
REP_SEO_00269,USER_17897,GRP_SEO_0014,휴게시설물,등받이없는벤치,2,37.594124,127.084099,2024-04-05,공원녹지과,윤서연,010-3344-5566,처리완료
REP_SEO_00270,USER_94656,GRP_SEO_0031,휴게시설물,등받이있는벤치,3,37.548393,127.032789,2025-11-17,공원녹지과,박민지,010-7821-3456,처리완료
REP_SEO_00271,USER_96742,GRP_SEO_0024,보호시설물,보호시설물볼라드,1,37.520182,127.004754,2025-02-18,시설관리과,정현우,010-8877-6655,처리완료
REP_SEO_00272,USER_26691,GRP_SEO_0009,보호시설물,보호시설물볼라드,2,37.501895,126.970148,2025-08-03,시설관리과,이지훈,010-9234-5678,신고접수
REP_SEO_00273,USER_81361,GRP_SEO_0015,휴게시설물,등받이있는벤치,2,37.626194,127.111331,2025-05-19,공원녹지과,윤서연,010-3344-5566,처리완료
REP_SEO_00274,USER_34704,GRP_SEO_0035,통행시설물,보차도경계석,1,37.556712,126.991526,2025-01-19,도로과,강민혁,010-5566-7788,신고접수
REP_SEO_00275,USER_12050,GRP_SEO_0049,휴게시설물,등받이있는벤치,2,37.525827,126.878629,2025-10-21,공원녹지과,윤서연,010-3344-5566,처리완료
REP_SEO_00276,USER_16380,GRP_SEO_0014,휴게시설물,등받이없는벤치,2,37.594022,127.084209,2025-10-04,공원녹지과,윤서연,010-3344-5566,처리완료
REP_SEO_00277,USER_47914,GRP_SEO_0048,보호시설물,보호시설물볼라드,1,37.557195,127.010085,2024-03-28,시설관리과,이지훈,010-9234-5678,처리완료
REP_SEO_00278,USER_28777,GRP_SEO_0047,통행시설물,보도블록,1,37.602652,126.975723,2024-12-24,도로과,조성민,010-2233-4455,처리진행중
REP_SEO_00279,USER_32955,GRP_SEO_0034,통행시설물,보차도경계석,3,37.611763,126.958611,2025-08-23,도로과,김도현,010-3245-8612,처리진행중
REP_SEO_00280,USER_78742,GRP_SEO_0044,통행시설물,맨홀,2,37.50617,126.997831,2025-11-19,도로과,강민혁,010-5566-7788,처리완료
REP_SEO_00281,USER_72065,GRP_SEO_0045,통행시설물,맨홀,2,37.528718,127.112935,2024-08-06,도로과,강민혁,010-5566-7788,처리완료
REP_SEO_00282,USER_64592,GRP_SEO_0015,휴게시설물,등받이있는벤치,2,37.626088,127.111322,2024-03-30,공원녹지과,윤서연,010-3344-5566,처리진행중
REP_SEO_00283,USER_68954,GRP_SEO_0034,통행시설물,보차도경계석,2,37.611746,126.958599,2025-01-03,도로과,김도현,010-3245-8612,처리완료
REP_SEO_00284,USER_89294,GRP_SEO_0006,통행시설물,점자블록,2,37.52138,127.030953,2024-10-31,도로과,김도현,010-3245-8612,처리진행중
REP_SEO_00285,USER_53642,GRP_SEO_0003,휴게시설물,등받이있는벤치,1,37.582506,126.869155,2025-06-04,공원녹지과,박민지,010-7821-3456,처리완료
REP_SEO_00286,USER_89220,GRP_SEO_0001,휴게시설물,등받이있는벤치,3,37.489069,126.939697,2025-06-04,공원녹지과,박민지,010-7821-3456,신고접수
REP_SEO_00287,USER_79946,GRP_SEO_0014,휴게시설물,등받이없는벤치,2,37.594088,127.084138,2024-11-15,공원녹지과,윤서연,010-3344-5566,처리진행중
REP_SEO_00288,USER_71537,GRP_SEO_0023,보호시설물,보호시설물볼라드,1,37.551154,126.879167,2025-05-22,시설관리과,정현우,010-8877-6655,신고접수
REP_SEO_00289,USER_39002,GRP_SEO_0021,통행시설물,보도블록,2,37.598044,127.104401,2024-03-17,도로과,강민혁,010-5566-7788,신고접수
REP_SEO_00290,USER_53236,GRP_SEO_0010,보호시설물,보호시설물볼라드,1,37.62474,127.035091,2024-11-28,시설관리과,정현우,010-8877-6655,처리완료
REP_SEO_00291,USER_54245,GRP_SEO_0025,통행시설물,트랜치,3,37.508588,126.900442,2025-12-01,도로과,조성민,010-2233-4455,처리완료
REP_SEO_00292,USER_56160,GRP_SEO_0049,휴게시설물,등받이있는벤치,1,37.525969,126.878661,2025-05-16,공원녹지과,윤서연,010-3344-5566,처리완료
REP_SEO_00293,USER_19742,GRP_SEO_0009,보호시설물,보호시설물볼라드,1,37.501909,126.970177,2025-07-20,시설관리과,이지훈,010-9234-5678,처리진행중
REP_SEO_00294,USER_11198,GRP_SEO_0004,휴게시설물,등받이있는벤치,2,37.521128,127.006536,2024-04-09,공원녹지과,박민지,010-7821-3456,처리완료
REP_SEO_00295,USER_79758,GRP_SEO_0033,휴게시설물,등받이없는벤치,1,37.597238,126.893132,2025-06-13,공원녹지과,윤서연,010-3344-5566,처리진행중
REP_SEO_00296,USER_12246,GRP_SEO_0027,통행시설물,점자블록,3,37.544632,127.14923,2025-08-01,도로과,강민혁,010-5566-7788,처리완료
REP_SEO_00297,USER_78732,GRP_SEO_0045,통행시설물,맨홀,3,37.528769,127.113067,2024-05-19,도로과,김도현,010-3245-8612,처리완료
REP_SEO_00298,USER_20357,GRP_SEO_0016,통행시설물,점자블록,2,37.530804,127.044354,2024-10-30,도로과,강민혁,010-5566-7788,처리완료
REP_SEO_00299,USER_20566,GRP_SEO_0026,통행시설물,보차도경계석,1,37.608249,126.984194,2024-09-18,도로과,조성민,010-2233-4455,처리진행중
REP_SEO_00300,USER_17355,GRP_SEO_0042,휴게시설물,등받이있는벤치,2,37.499185,127.000856,2025-02-20,공원녹지과,윤서연,010-3344-5566,처리진행중
REP_BUS_00001,USER_70012,GRP_BUS_0005,통행시설물,트랜치,2,35.110636,129.182645,2025-09-30,도로과,이상혁,010-4455-6677,처리완료
REP_BUS_00002,USER_53193,GRP_BUS_0009,통행시설물,점자블록,2,35.209292,129.038923,2025-10-27,도로과,이상혁,010-4455-6677,처리완료
REP_BUS_00003,USER_36326,GRP_BUS_0022,통행시설물,맨홀,2,35.180934,129.042901,2024-12-03,도로과,최정우,010-5678-1234,처리완료
REP_BUS_00004,USER_92955,GRP_BUS_0021,통행시설물,맨홀,2,35.126936,129.150274,2024-11-24,도로과,이상혁,010-4455-6677,처리완료
REP_BUS_00005,USER_83905,GRP_BUS_0016,통행시설물,보차도경계석,1,35.187497,129.073583,2025-02-07,도로과,이상혁,010-4455-6677,처리완료
REP_BUS_00006,USER_48185,GRP_BUS_0012,휴게시설물,등받이있는벤치,2,35.145155,129.194104,2024-09-01,공원녹지과,김현수,010-2345-6789,처리진행중
REP_BUS_00007,USER_49692,GRP_BUS_0005,통행시설물,트랜치,1,35.110728,129.182616,2025-06-25,도로과,이상혁,010-4455-6677,처리완료
REP_BUS_00008,USER_88372,GRP_BUS_0017,통행시설물,보도블록,2,35.123403,129.186506,2024-04-15,도로과,이상혁,010-4455-6677,처리완료
REP_BUS_00009,USER_57124,GRP_BUS_0026,통행시설물,점자블록,1,35.085501,128.990697,2025-08-09,도로과,이상혁,010-4455-6677,처리진행중
REP_BUS_00010,USER_15806,GRP_BUS_0006,통행시설물,보차도경계석,2,35.204819,129.099557,2024-07-19,도로과,이상혁,010-4455-6677,처리진행중
REP_BUS_00011,USER_43913,GRP_BUS_0026,통행시설물,점자블록,1,35.085587,128.990579,2024-05-18,도로과,이상혁,010-4455-6677,처리완료
REP_BUS_00012,USER_70694,GRP_BUS_0033,통행시설물,점자블록,2,35.111444,129.038955,2025-05-01,도로과,최정우,010-5678-1234,신고접수
REP_BUS_00013,USER_21253,GRP_BUS_0033,통행시설물,점자블록,1,35.111324,129.039043,2024-05-17,도로과,이상혁,010-4455-6677,처리완료
REP_BUS_00014,USER_72411,GRP_BUS_0010,통행시설물,보도블록,2,35.154974,129.16534,2025-07-17,도로과,최정우,010-5678-1234,처리완료
REP_BUS_00015,USER_25084,GRP_BUS_0029,휴게시설물,등받이있는벤치,1,35.178771,129.098684,2024-12-03,공원녹지과,김현수,010-2345-6789,처리완료
REP_BUS_00016,USER_82339,GRP_BUS_0022,통행시설물,맨홀,2,35.180978,129.042871,2024-10-06,도로과,최정우,010-5678-1234,처리완료
REP_BUS_00017,USER_34430,GRP_BUS_0022,통행시설물,맨홀,2,35.18096,129.042928,2025-03-20,도로과,최정우,010-5678-1234,처리진행중
REP_BUS_00018,USER_60965,GRP_BUS_0028,통행시설물,점자블록,2,35.07183,129.065224,2025-05-05,도로과,최정우,010-5678-1234,처리완료
REP_BUS_00019,USER_80371,GRP_BUS_0014,휴게시설물,등받이있는벤치,1,35.12103,129.146922,2025-09-13,공원녹지과,김현수,010-2345-6789,처리완료
REP_BUS_00020,USER_93769,GRP_BUS_0024,통행시설물,트랜치,2,35.123953,129.032038,2025-06-15,도로과,이상혁,010-4455-6677,처리완료
REP_BUS_00021,USER_90918,GRP_BUS_0025,통행시설물,맨홀,3,35.083117,129.069143,2025-01-25,도로과,이상혁,010-4455-6677,처리완료
REP_BUS_00022,USER_50026,GRP_BUS_0020,통행시설물,보도블록,1,35.17705,128.988887,2024-12-16,도로과,최정우,010-5678-1234,처리완료
REP_BUS_00023,USER_85340,GRP_BUS_0012,휴게시설물,등받이있는벤치,2,35.145094,129.194023,2025-04-03,공원녹지과,김현수,010-2345-6789,처리완료
REP_BUS_00024,USER_47858,GRP_BUS_0028,통행시설물,점자블록,1,35.071788,129.065203,2025-08-21,도로과,최정우,010-5678-1234,처리완료
REP_BUS_00025,USER_73518,GRP_BUS_0012,휴게시설물,등받이있는벤치,3,35.145082,129.194085,2025-02-01,공원녹지과,김현수,010-2345-6789,처리완료
REP_BUS_00026,USER_64477,GRP_BUS_0013,휴게시설물,등받이없는벤치,2,35.084716,129.023486,2025-03-24,공원녹지과,김현수,010-2345-6789,신고접수
REP_BUS_00027,USER_46025,GRP_BUS_0029,휴게시설물,등받이있는벤치,1,35.178724,129.09861,2024-09-12,공원녹지과,김현수,010-2345-6789,처리완료
REP_BUS_00028,USER_85066,GRP_BUS_0019,통행시설물,점자블록,2,35.082788,129.112273,2025-08-15,도로과,이상혁,010-4455-6677,처리완료
REP_BUS_00029,USER_15453,GRP_BUS_0018,통행시설물,점자블록,3,35.097916,129.104816,2025-08-08,도로과,이상혁,010-4455-6677,신고접수
REP_BUS_00030,USER_49021,GRP_BUS_0029,휴게시설물,등받이있는벤치,2,35.178736,129.098791,2025-11-30,공원녹지과,김현수,010-2345-6789,처리완료
REP_BUS_00031,USER_25386,GRP_BUS_0029,휴게시설물,등받이있는벤치,3,35.178679,129.098766,2025-04-24,공원녹지과,김현수,010-2345-6789,신고접수
REP_BUS_00032,USER_31755,GRP_BUS_0016,통행시설물,보차도경계석,2,35.187474,129.073674,2025-10-16,도로과,이상혁,010-4455-6677,처리진행중
REP_BUS_00033,USER_46842,GRP_BUS_0009,통행시설물,점자블록,2,35.209388,129.038896,2025-09-05,도로과,최정우,010-5678-1234,처리진행중
REP_BUS_00034,USER_77425,GRP_BUS_0011,보호시설물,보호시설물볼라드,1,35.127542,129.140182,2025-09-08,시설관리과,정유진,010-8765-4321,처리진행중
REP_BUS_00035,USER_95969,GRP_BUS_0007,휴게시설물,등받이없는벤치,3,35.09683,129.165648,2024-03-31,공원녹지과,김현수,010-2345-6789,처리완료
REP_BUS_00036,USER_85684,GRP_BUS_0009,통행시설물,점자블록,2,35.209281,129.038876,2025-03-08,도로과,최정우,010-5678-1234,처리진행중
REP_BUS_00037,USER_22202,GRP_BUS_0018,통행시설물,점자블록,2,35.097886,129.104726,2025-11-09,도로과,최정우,010-5678-1234,처리완료
REP_BUS_00038,USER_52898,GRP_BUS_0033,통행시설물,점자블록,3,35.111444,129.038982,2025-05-10,도로과,이상혁,010-4455-6677,처리진행중
REP_BUS_00039,USER_56952,GRP_BUS_0001,휴게시설물,등받이없는벤치,2,35.175501,128.989087,2025-05-14,공원녹지과,김현수,010-2345-6789,처리완료
REP_BUS_00040,USER_47171,GRP_BUS_0026,통행시설물,점자블록,1,35.085438,128.990598,2025-06-20,도로과,최정우,010-5678-1234,처리완료
REP_BUS_00041,USER_92074,GRP_BUS_0009,통행시설물,점자블록,1,35.209344,129.038831,2024-03-20,도로과,이상혁,010-4455-6677,처리완료
REP_BUS_00042,USER_66072,GRP_BUS_0002,통행시설물,점자블록,1,35.166661,129.046264,2025-05-12,도로과,이상혁,010-4455-6677,처리완료
REP_BUS_00043,USER_42819,GRP_BUS_0009,통행시설물,점자블록,2,35.209408,129.038794,2024-05-05,도로과,이상혁,010-4455-6677,처리완료
REP_BUS_00044,USER_40689,GRP_BUS_0024,통행시설물,트랜치,2,35.124021,129.032076,2025-03-11,도로과,최정우,010-5678-1234,처리완료
REP_BUS_00045,USER_39647,GRP_BUS_0006,통행시설물,보차도경계석,1,35.204937,129.099507,2024-04-19,도로과,이상혁,010-4455-6677,처리완료
REP_BUS_00046,USER_72613,GRP_BUS_0029,휴게시설물,등받이있는벤치,2,35.178628,129.098733,2025-04-07,공원녹지과,김현수,010-2345-6789,처리완료
REP_BUS_00047,USER_49223,GRP_BUS_0015,통행시설물,점자블록,2,35.215315,129.045113,2024-05-15,도로과,최정우,010-5678-1234,처리완료
REP_BUS_00048,USER_28724,GRP_BUS_0025,통행시설물,맨홀,3,35.083149,129.069176,2025-11-17,도로과,최정우,010-5678-1234,처리완료
REP_BUS_00049,USER_29840,GRP_BUS_0001,휴게시설물,등받이없는벤치,2,35.175449,128.988951,2024-09-05,공원녹지과,김현수,010-2345-6789,처리완료
REP_BUS_00050,USER_87276,GRP_BUS_0029,휴게시설물,등받이있는벤치,2,35.178799,129.098611,2024-06-22,공원녹지과,김현수,010-2345-6789,신고접수
REP_BUS_00051,USER_21042,GRP_BUS_0025,통행시설물,맨홀,1,35.083065,129.069111,2024-10-10,도로과,최정우,010-5678-1234,처리완료
REP_BUS_00052,USER_76784,GRP_BUS_0019,통행시설물,점자블록,2,35.08291,129.11232,2024-08-28,도로과,이상혁,010-4455-6677,처리완료
REP_BUS_00053,USER_41599,GRP_BUS_0026,통행시설물,점자블록,2,35.085453,128.990523,2025-06-20,도로과,최정우,010-5678-1234,처리완료
REP_BUS_00054,USER_84498,GRP_BUS_0005,통행시설물,트랜치,1,35.11067,129.182652,2024-12-20,도로과,이상혁,010-4455-6677,처리완료
REP_BUS_00055,USER_18851,GRP_BUS_0024,통행시설물,트랜치,1,35.123997,129.031981,2024-04-14,도로과,이상혁,010-4455-6677,처리완료
REP_BUS_00056,USER_75673,GRP_BUS_0017,통행시설물,보도블록,1,35.123315,129.186547,2025-07-02,도로과,이상혁,010-4455-6677,신고접수
REP_BUS_00057,USER_20357,GRP_BUS_0027,휴게시설물,등받이있는벤치,1,35.159523,129.150401,2024-11-10,공원녹지과,김현수,010-2345-6789,처리완료
REP_BUS_00058,USER_95175,GRP_BUS_0014,휴게시설물,등받이있는벤치,2,35.121184,129.146802,2025-03-06,공원녹지과,김현수,010-2345-6789,처리진행중
REP_BUS_00059,USER_66948,GRP_BUS_0005,통행시설물,트랜치,1,35.110626,129.182544,2024-03-30,도로과,최정우,010-5678-1234,처리완료
REP_BUS_00060,USER_27984,GRP_BUS_0030,통행시설물,보도블록,1,35.155817,129.008915,2024-06-01,도로과,최정우,010-5678-1234,처리진행중
REP_BUS_00061,USER_45227,GRP_BUS_0001,휴게시설물,등받이없는벤치,2,35.17536,128.989108,2024-07-19,공원녹지과,김현수,010-2345-6789,신고접수
REP_BUS_00062,USER_44465,GRP_BUS_0008,휴게시설물,등받이없는벤치,2,35.214275,129.104924,2024-11-04,공원녹지과,김현수,010-2345-6789,신고접수
REP_BUS_00063,USER_31873,GRP_BUS_0005,통행시설물,트랜치,3,35.110663,129.182559,2025-06-25,도로과,최정우,010-5678-1234,처리완료
REP_BUS_00064,USER_10336,GRP_BUS_0011,보호시설물,보호시설물볼라드,2,35.127528,129.140062,2024-09-20,시설관리과,정유진,010-8765-4321,처리완료
REP_BUS_00065,USER_14635,GRP_BUS_0001,휴게시설물,등받이없는벤치,1,35.175376,128.989012,2024-07-02,공원녹지과,김현수,010-2345-6789,처리진행중
REP_BUS_00066,USER_84912,GRP_BUS_0027,휴게시설물,등받이있는벤치,3,35.159484,129.150371,2024-11-03,공원녹지과,김현수,010-2345-6789,처리완료
REP_BUS_00067,USER_16019,GRP_BUS_0008,휴게시설물,등받이없는벤치,3,35.214221,129.105099,2024-09-15,공원녹지과,김현수,010-2345-6789,처리완료
REP_BUS_00068,USER_69866,GRP_BUS_0005,통행시설물,트랜치,1,35.11074,129.18263,2024-12-31,도로과,이상혁,010-4455-6677,처리완료
REP_BUS_00069,USER_58270,GRP_BUS_0024,통행시설물,트랜치,1,35.123928,129.032059,2025-10-29,도로과,이상혁,010-4455-6677,처리진행중
REP_BUS_00070,USER_63744,GRP_BUS_0032,통행시설물,보차도경계석,1,35.144068,128.984607,2024-07-03,도로과,최정우,010-5678-1234,처리완료
REP_BUS_00071,USER_96154,GRP_BUS_0015,통행시설물,점자블록,1,35.215346,129.045094,2025-01-08,도로과,최정우,010-5678-1234,처리완료
REP_BUS_00072,USER_17850,GRP_BUS_0020,통행시설물,보도블록,2,35.176887,128.988875,2025-04-04,도로과,최정우,010-5678-1234,처리완료
REP_BUS_00073,USER_21128,GRP_BUS_0018,통행시설물,점자블록,2,35.097779,129.104836,2025-02-15,도로과,이상혁,010-4455-6677,처리진행중
REP_BUS_00074,USER_18163,GRP_BUS_0007,휴게시설물,등받이없는벤치,2,35.096904,129.165626,2024-04-16,공원녹지과,김현수,010-2345-6789,처리완료
REP_BUS_00075,USER_52762,GRP_BUS_0009,통행시설물,점자블록,2,35.209279,129.038786,2025-03-08,도로과,이상혁,010-4455-6677,처리완료
REP_BUS_00076,USER_86638,GRP_BUS_0029,휴게시설물,등받이있는벤치,2,35.178681,129.098608,2024-06-18,공원녹지과,김현수,010-2345-6789,처리완료
REP_BUS_00077,USER_56961,GRP_BUS_0010,통행시설물,보도블록,1,35.154926,129.165362,2025-03-22,도로과,이상혁,010-4455-6677,신고접수
REP_BUS_00078,USER_99922,GRP_BUS_0014,휴게시설물,등받이있는벤치,1,35.121079,129.146864,2024-05-02,공원녹지과,김현수,010-2345-6789,처리완료
REP_BUS_00079,USER_56627,GRP_BUS_0003,휴게시설물,등받이있는벤치,2,35.204162,129.181476,2024-05-03,공원녹지과,김현수,010-2345-6789,처리완료
REP_BUS_00080,USER_69270,GRP_BUS_0033,통행시설물,점자블록,3,35.111304,129.038903,2024-03-02,도로과,최정우,010-5678-1234,처리진행중
REP_BUS_00081,USER_39135,GRP_BUS_0016,통행시설물,보차도경계석,1,35.187451,129.073547,2024-06-03,도로과,최정우,010-5678-1234,처리완료
REP_BUS_00082,USER_19828,GRP_BUS_0013,휴게시설물,등받이없는벤치,2,35.084718,129.023368,2025-09-18,공원녹지과,김현수,010-2345-6789,처리완료
REP_BUS_00083,USER_53456,GRP_BUS_0005,통행시설물,트랜치,3,35.110604,129.182586,2024-05-04,도로과,최정우,010-5678-1234,처리완료
REP_BUS_00084,USER_60165,GRP_BUS_0003,휴게시설물,등받이있는벤치,2,35.204307,129.181315,2025-03-10,공원녹지과,김현수,010-2345-6789,처리진행중
REP_BUS_00085,USER_29481,GRP_BUS_0028,통행시설물,점자블록,1,35.071786,129.065119,2024-11-07,도로과,최정우,010-5678-1234,처리완료
REP_BUS_00086,USER_60202,GRP_BUS_0016,통행시설물,보차도경계석,1,35.187562,129.073626,2024-04-02,도로과,이상혁,010-4455-6677,처리완료
REP_BUS_00087,USER_81258,GRP_BUS_0027,휴게시설물,등받이있는벤치,3,35.159479,129.150498,2025-11-06,공원녹지과,김현수,010-2345-6789,처리완료
REP_BUS_00088,USER_75849,GRP_BUS_0025,통행시설물,맨홀,3,35.083151,129.069097,2025-01-17,도로과,이상혁,010-4455-6677,처리완료
REP_BUS_00089,USER_46822,GRP_BUS_0025,통행시설물,맨홀,3,35.083049,129.069031,2024-03-01,도로과,최정우,010-5678-1234,처리완료
REP_BUS_00090,USER_96096,GRP_BUS_0031,통행시설물,점자블록,1,35.095431,129.031905,2024-07-12,도로과,최정우,010-5678-1234,처리완료
REP_BUS_00091,USER_60911,GRP_BUS_0018,통행시설물,점자블록,2,35.097867,129.10481,2024-09-11,도로과,최정우,010-5678-1234,처리완료
REP_BUS_00092,USER_56095,GRP_BUS_0012,휴게시설물,등받이있는벤치,1,35.145054,129.194113,2025-09-27,공원녹지과,김현수,010-2345-6789,처리진행중
REP_BUS_00093,USER_74282,GRP_BUS_0010,통행시설물,보도블록,2,35.155017,129.165309,2025-08-08,도로과,이상혁,010-4455-6677,처리완료
REP_BUS_00094,USER_53481,GRP_BUS_0006,통행시설물,보차도경계석,2,35.204808,129.099628,2025-07-23,도로과,최정우,010-5678-1234,처리진행중
REP_BUS_00095,USER_29360,GRP_BUS_0013,휴게시설물,등받이없는벤치,1,35.084714,129.023361,2024-12-27,공원녹지과,김현수,010-2345-6789,처리진행중
REP_BUS_00096,USER_96787,GRP_BUS_0010,통행시설물,보도블록,2,35.155059,129.165441,2024-04-14,도로과,이상혁,010-4455-6677,처리완료
REP_BUS_00097,USER_73858,GRP_BUS_0007,휴게시설물,등받이없는벤치,2,35.09687,129.165563,2025-04-22,공원녹지과,김현수,010-2345-6789,처리진행중
REP_BUS_00098,USER_32983,GRP_BUS_0021,통행시설물,맨홀,2,35.126935,129.150389,2024-09-15,도로과,이상혁,010-4455-6677,처리완료
REP_BUS_00099,USER_85082,GRP_BUS_0020,통행시설물,보도블록,3,35.177013,128.988828,2024-02-01,도로과,최정우,010-5678-1234,처리완료
REP_BUS_00100,USER_75035,GRP_BUS_0003,휴게시설물,등받이있는벤치,2,35.204155,129.181369,2025-11-15,공원녹지과,김현수,010-2345-6789,처리완료
REP_BUS_00101,USER_21629,GRP_BUS_0022,통행시설물,맨홀,2,35.180997,129.042784,2024-07-20,도로과,이상혁,010-4455-6677,신고접수
REP_BUS_00102,USER_24160,GRP_BUS_0022,통행시설물,맨홀,2,35.180938,129.042789,2024-04-09,도로과,최정우,010-5678-1234,신고접수
REP_BUS_00103,USER_74629,GRP_BUS_0001,휴게시설물,등받이없는벤치,3,35.175336,128.989005,2024-07-19,공원녹지과,김현수,010-2345-6789,처리완료
REP_BUS_00104,USER_39567,GRP_BUS_0023,휴게시설물,등받이있는벤치,2,35.083737,129.186801,2025-09-13,공원녹지과,김현수,010-2345-6789,처리완료
REP_BUS_00105,USER_23726,GRP_BUS_0029,휴게시설물,등받이있는벤치,2,35.178641,129.098763,2024-02-20,공원녹지과,김현수,010-2345-6789,처리완료
REP_BUS_00106,USER_22203,GRP_BUS_0022,통행시설물,맨홀,3,35.180882,129.042811,2025-08-13,도로과,최정우,010-5678-1234,처리완료
REP_BUS_00107,USER_30591,GRP_BUS_0031,통행시설물,점자블록,3,35.095466,129.031838,2025-10-13,도로과,최정우,010-5678-1234,처리완료
REP_BUS_00108,USER_80795,GRP_BUS_0007,휴게시설물,등받이없는벤치,2,35.096869,129.165693,2025-08-20,공원녹지과,김현수,010-2345-6789,처리완료
REP_BUS_00109,USER_74349,GRP_BUS_0019,통행시설물,점자블록,2,35.082814,129.112201,2025-09-07,도로과,이상혁,010-4455-6677,처리완료
REP_BUS_00110,USER_36171,GRP_BUS_0004,통행시설물,보도블록,2,35.101685,129.169652,2025-11-01,도로과,이상혁,010-4455-6677,처리완료
REP_BUS_00111,USER_50416,GRP_BUS_0002,통행시설물,점자블록,3,35.166677,129.04622,2025-05-29,도로과,최정우,010-5678-1234,처리완료
REP_BUS_00112,USER_34232,GRP_BUS_0031,통행시설물,점자블록,2,35.095423,129.031884,2025-11-18,도로과,최정우,010-5678-1234,처리완료
REP_BUS_00113,USER_39654,GRP_BUS_0025,통행시설물,맨홀,2,35.083068,129.069114,2025-04-25,도로과,이상혁,010-4455-6677,처리완료
REP_BUS_00114,USER_80968,GRP_BUS_0004,통행시설물,보도블록,2,35.101643,129.169706,2024-04-27,도로과,최정우,010-5678-1234,처리완료
REP_BUS_00115,USER_72236,GRP_BUS_0015,통행시설물,점자블록,2,35.215349,129.045135,2025-08-01,도로과,이상혁,010-4455-6677,처리진행중
REP_BUS_00116,USER_77740,GRP_BUS_0016,통행시설물,보차도경계석,2,35.187527,129.073542,2025-06-28,도로과,최정우,010-5678-1234,처리진행중
REP_BUS_00117,USER_35260,GRP_BUS_0010,통행시설물,보도블록,3,35.154928,129.165423,2024-07-20,도로과,최정우,010-5678-1234,처리완료
REP_BUS_00118,USER_92211,GRP_BUS_0003,휴게시설물,등받이있는벤치,3,35.204203,129.181503,2024-08-24,공원녹지과,김현수,010-2345-6789,처리완료
REP_BUS_00119,USER_62082,GRP_BUS_0017,통행시설물,보도블록,2,35.123336,129.186508,2024-04-29,도로과,최정우,010-5678-1234,처리진행중
REP_BUS_00120,USER_64997,GRP_BUS_0021,통행시설물,맨홀,2,35.127071,129.150299,2025-10-30,도로과,최정우,010-5678-1234,처리완료
REP_BUS_00121,USER_23237,GRP_BUS_0027,휴게시설물,등받이있는벤치,2,35.159469,129.150434,2024-05-18,공원녹지과,김현수,010-2345-6789,처리완료
REP_BUS_00122,USER_14910,GRP_BUS_0023,휴게시설물,등받이있는벤치,2,35.083804,129.186834,2025-09-07,공원녹지과,김현수,010-2345-6789,처리완료
REP_BUS_00123,USER_53449,GRP_BUS_0018,통행시설물,점자블록,2,35.097841,129.104775,2024-03-10,도로과,이상혁,010-4455-6677,처리진행중
REP_BUS_00124,USER_49722,GRP_BUS_0016,통행시설물,보차도경계석,1,35.187442,129.073622,2025-02-15,도로과,이상혁,010-4455-6677,처리완료
REP_BUS_00125,USER_68079,GRP_BUS_0018,통행시설물,점자블록,1,35.097929,129.104823,2024-09-20,도로과,최정우,010-5678-1234,신고접수
REP_BUS_00126,USER_63368,GRP_BUS_0021,통행시설물,맨홀,2,35.126954,129.150278,2024-08-10,도로과,최정우,010-5678-1234,신고접수
REP_BUS_00127,USER_18600,GRP_BUS_0032,통행시설물,보차도경계석,2,35.14402,128.984625,2025-07-11,도로과,최정우,010-5678-1234,처리완료
REP_BUS_00128,USER_36309,GRP_BUS_0033,통행시설물,점자블록,1,35.111375,129.038999,2024-07-26,도로과,최정우,010-5678-1234,처리완료
REP_BUS_00129,USER_70846,GRP_BUS_0016,통행시설물,보차도경계석,1,35.187439,129.073537,2024-08-21,도로과,이상혁,010-4455-6677,처리완료
REP_BUS_00130,USER_87862,GRP_BUS_0026,통행시설물,점자블록,2,35.085521,128.990537,2024-10-04,도로과,최정우,010-5678-1234,처리완료
REP_BUS_00131,USER_43903,GRP_BUS_0012,휴게시설물,등받이있는벤치,1,35.145211,129.194089,2025-01-17,공원녹지과,김현수,010-2345-6789,신고접수
REP_BUS_00132,USER_38091,GRP_BUS_0006,통행시설물,보차도경계석,2,35.204854,129.099585,2025-09-07,도로과,최정우,010-5678-1234,처리완료
REP_BUS_00133,USER_99417,GRP_BUS_0015,통행시설물,점자블록,1,35.215374,129.04502,2025-07-09,도로과,이상혁,010-4455-6677,처리완료
REP_BUS_00134,USER_50037,GRP_BUS_0031,통행시설물,점자블록,1,35.095508,129.031881,2024-09-16,도로과,최정우,010-5678-1234,신고접수
REP_BUS_00135,USER_71171,GRP_BUS_0018,통행시설물,점자블록,1,35.097845,129.104727,2025-05-15,도로과,이상혁,010-4455-6677,처리완료
REP_BUS_00136,USER_89829,GRP_BUS_0026,통행시설물,점자블록,2,35.085511,128.990514,2025-08-27,도로과,이상혁,010-4455-6677,처리완료
REP_BUS_00137,USER_46291,GRP_BUS_0020,통행시설물,보도블록,2,35.177003,128.988865,2024-11-09,도로과,이상혁,010-4455-6677,처리완료
REP_BUS_00138,USER_88647,GRP_BUS_0020,통행시설물,보도블록,3,35.176904,128.988872,2024-03-29,도로과,최정우,010-5678-1234,처리완료
REP_BUS_00139,USER_64862,GRP_BUS_0021,통행시설물,맨홀,1,35.127036,129.150339,2024-11-28,도로과,이상혁,010-4455-6677,처리완료
REP_BUS_00140,USER_39145,GRP_BUS_0025,통행시설물,맨홀,2,35.083142,129.069142,2025-01-16,도로과,최정우,010-5678-1234,처리진행중
REP_BUS_00141,USER_83170,GRP_BUS_0031,통행시설물,점자블록,3,35.095507,129.031886,2024-07-23,도로과,이상혁,010-4455-6677,처리완료
REP_BUS_00142,USER_33995,GRP_BUS_0019,통행시설물,점자블록,2,35.082774,129.112207,2025-08-25,도로과,이상혁,010-4455-6677,처리진행중
REP_BUS_00143,USER_53426,GRP_BUS_0022,통행시설물,맨홀,2,35.180979,129.04278,2024-12-10,도로과,최정우,010-5678-1234,처리완료
REP_BUS_00144,USER_93151,GRP_BUS_0017,통행시설물,보도블록,1,35.123389,129.186456,2025-05-26,도로과,최정우,010-5678-1234,처리진행중
REP_BUS_00145,USER_64146,GRP_BUS_0005,통행시설물,트랜치,2,35.110659,129.182496,2025-02-24,도로과,최정우,010-5678-1234,처리완료
REP_BUS_00146,USER_69974,GRP_BUS_0010,통행시설물,보도블록,3,35.154932,129.165312,2025-09-05,도로과,이상혁,010-4455-6677,처리완료
REP_BUS_00147,USER_33176,GRP_BUS_0021,통행시설물,맨홀,2,35.127072,129.150231,2025-06-13,도로과,최정우,010-5678-1234,처리완료
REP_BUS_00148,USER_74169,GRP_BUS_0004,통행시설물,보도블록,2,35.101614,129.169622,2025-09-12,도로과,최정우,010-5678-1234,신고접수
REP_BUS_00149,USER_72573,GRP_BUS_0006,통행시설물,보차도경계석,2,35.204823,129.099594,2025-03-19,도로과,이상혁,010-4455-6677,처리완료
REP_BUS_00150,USER_79603,GRP_BUS_0001,휴게시설물,등받이없는벤치,3,35.175334,128.988958,2024-02-14,공원녹지과,김현수,010-2345-6789,처리완료
REP_BUS_00151,USER_55134,GRP_BUS_0002,통행시설물,점자블록,2,35.166771,129.046218,2024-09-18,도로과,최정우,010-5678-1234,처리완료
REP_BUS_00152,USER_15992,GRP_BUS_0009,통행시설물,점자블록,1,35.209252,129.038834,2024-07-20,도로과,이상혁,010-4455-6677,처리완료
REP_BUS_00153,USER_27536,GRP_BUS_0019,통행시설물,점자블록,3,35.082845,129.112286,2025-04-19,도로과,이상혁,010-4455-6677,처리완료
REP_BUS_00154,USER_27197,GRP_BUS_0032,통행시설물,보차도경계석,1,35.14394,128.984489,2024-02-19,도로과,이상혁,010-4455-6677,처리완료
REP_BUS_00155,USER_59177,GRP_BUS_0002,통행시설물,점자블록,2,35.166754,129.046126,2025-11-27,도로과,이상혁,010-4455-6677,처리진행중
REP_BUS_00156,USER_12587,GRP_BUS_0017,통행시설물,보도블록,2,35.123426,129.186487,2024-05-20,도로과,최정우,010-5678-1234,처리완료
REP_BUS_00157,USER_36934,GRP_BUS_0008,휴게시설물,등받이없는벤치,2,35.214204,129.104994,2025-05-30,공원녹지과,김현수,010-2345-6789,처리진행중
REP_BUS_00158,USER_27978,GRP_BUS_0001,휴게시설물,등받이없는벤치,2,35.175387,128.98905,2025-10-29,공원녹지과,김현수,010-2345-6789,처리완료
REP_BUS_00159,USER_75239,GRP_BUS_0007,휴게시설물,등받이없는벤치,2,35.096905,129.165622,2024-05-26,공원녹지과,김현수,010-2345-6789,처리완료
REP_BUS_00160,USER_48712,GRP_BUS_0013,휴게시설물,등받이없는벤치,2,35.084708,129.023459,2025-01-31,공원녹지과,김현수,010-2345-6789,처리완료
REP_BUS_00161,USER_11671,GRP_BUS_0003,휴게시설물,등받이있는벤치,1,35.204228,129.181487,2025-01-03,공원녹지과,김현수,010-2345-6789,처리진행중
REP_BUS_00162,USER_77070,GRP_BUS_0006,통행시설물,보차도경계석,3,35.204978,129.099674,2024-07-01,도로과,이상혁,010-4455-6677,처리완료
REP_BUS_00163,USER_16564,GRP_BUS_0007,휴게시설물,등받이없는벤치,1,35.096984,129.165627,2024-11-29,공원녹지과,김현수,010-2345-6789,처리완료
REP_BUS_00164,USER_25191,GRP_BUS_0012,휴게시설물,등받이있는벤치,2,35.145194,129.194165,2024-12-16,공원녹지과,김현수,010-2345-6789,처리완료
REP_BUS_00165,USER_67372,GRP_BUS_0003,휴게시설물,등받이있는벤치,2,35.204121,129.181333,2025-01-01,공원녹지과,김현수,010-2345-6789,처리진행중
REP_BUS_00166,USER_62461,GRP_BUS_0018,통행시설물,점자블록,1,35.097936,129.10467,2024-08-05,도로과,이상혁,010-4455-6677,처리완료
REP_BUS_00167,USER_31860,GRP_BUS_0018,통행시설물,점자블록,2,35.097928,129.104789,2025-04-06,도로과,이상혁,010-4455-6677,처리완료
REP_BUS_00168,USER_87430,GRP_BUS_0009,통행시설물,점자블록,2,35.20937,129.038745,2024-05-16,도로과,최정우,010-5678-1234,처리완료
REP_BUS_00169,USER_99714,GRP_BUS_0029,휴게시설물,등받이있는벤치,1,35.178663,129.098669,2025-10-18,공원녹지과,김현수,010-2345-6789,신고접수
REP_BUS_00170,USER_44290,GRP_BUS_0009,통행시설물,점자블록,1,35.209328,129.038831,2025-04-26,도로과,이상혁,010-4455-6677,처리진행중
REP_BUS_00171,USER_91033,GRP_BUS_0021,통행시설물,맨홀,2,35.126902,129.150368,2025-01-11,도로과,최정우,010-5678-1234,처리완료
REP_BUS_00172,USER_83183,GRP_BUS_0028,통행시설물,점자블록,2,35.071883,129.065126,2025-11-17,도로과,이상혁,010-4455-6677,처리진행중
REP_BUS_00173,USER_19812,GRP_BUS_0004,통행시설물,보도블록,3,35.101615,129.169754,2025-06-21,도로과,이상혁,010-4455-6677,신고접수
REP_BUS_00174,USER_82154,GRP_BUS_0032,통행시설물,보차도경계석,2,35.143933,128.984518,2024-03-22,도로과,이상혁,010-4455-6677,처리진행중
REP_BUS_00175,USER_68733,GRP_BUS_0025,통행시설물,맨홀,3,35.083075,129.069072,2025-04-29,도로과,이상혁,010-4455-6677,처리완료
REP_BUS_00176,USER_62879,GRP_BUS_0032,통행시설물,보차도경계석,1,35.143958,128.984475,2025-11-30,도로과,이상혁,010-4455-6677,처리완료
REP_BUS_00177,USER_93563,GRP_BUS_0003,휴게시설물,등받이있는벤치,3,35.20423,129.181305,2025-10-10,공원녹지과,김현수,010-2345-6789,처리완료
REP_BUS_00178,USER_17113,GRP_BUS_0033,통행시설물,점자블록,2,35.111407,129.038974,2025-01-14,도로과,이상혁,010-4455-6677,처리완료
REP_BUS_00179,USER_24945,GRP_BUS_0030,통행시설물,보도블록,2,35.15576,129.009058,2025-02-06,도로과,이상혁,010-4455-6677,처리완료
REP_BUS_00180,USER_23935,GRP_BUS_0015,통행시설물,점자블록,2,35.215239,129.045038,2025-08-13,도로과,이상혁,010-4455-6677,처리완료
REP_BUS_00181,USER_35679,GRP_BUS_0011,보호시설물,보호시설물볼라드,1,35.127575,129.140206,2024-05-19,시설관리과,정유진,010-8765-4321,처리완료
REP_BUS_00182,USER_24125,GRP_BUS_0008,휴게시설물,등받이없는벤치,2,35.214306,129.104997,2024-08-13,공원녹지과,김현수,010-2345-6789,신고접수
REP_BUS_00183,USER_87242,GRP_BUS_0027,휴게시설물,등받이있는벤치,2,35.159448,129.150448,2025-05-06,공원녹지과,김현수,010-2345-6789,처리완료
REP_BUS_00184,USER_86692,GRP_BUS_0009,통행시설물,점자블록,3,35.209424,129.038735,2025-08-19,도로과,최정우,010-5678-1234,처리완료
REP_BUS_00185,USER_96182,GRP_BUS_0033,통행시설물,점자블록,1,35.11145,129.039025,2024-06-10,도로과,최정우,010-5678-1234,처리진행중
REP_BUS_00186,USER_54939,GRP_BUS_0021,통행시설물,맨홀,2,35.127001,129.150272,2024-11-06,도로과,최정우,010-5678-1234,처리완료
REP_BUS_00187,USER_82559,GRP_BUS_0029,휴게시설물,등받이있는벤치,3,35.178788,129.098621,2025-08-13,공원녹지과,김현수,010-2345-6789,처리진행중
REP_BUS_00188,USER_27389,GRP_BUS_0014,휴게시설물,등받이있는벤치,3,35.121029,129.146896,2025-01-18,공원녹지과,김현수,010-2345-6789,신고접수
REP_BUS_00189,USER_83699,GRP_BUS_0012,휴게시설물,등받이있는벤치,2,35.14512,129.194133,2024-05-28,공원녹지과,김현수,010-2345-6789,처리완료
REP_BUS_00190,USER_78515,GRP_BUS_0027,휴게시설물,등받이있는벤치,3,35.159574,129.1505,2025-04-07,공원녹지과,김현수,010-2345-6789,처리완료
REP_BUS_00191,USER_31094,GRP_BUS_0002,통행시설물,점자블록,1,35.166712,129.046103,2024-08-22,도로과,최정우,010-5678-1234,처리완료
REP_BUS_00192,USER_14234,GRP_BUS_0017,통행시설물,보도블록,2,35.123301,129.186375,2024-08-26,도로과,이상혁,010-4455-6677,처리완료
REP_BUS_00193,USER_41142,GRP_BUS_0029,휴게시설물,등받이있는벤치,2,35.178647,129.098767,2025-11-23,공원녹지과,김현수,010-2345-6789,처리완료
REP_BUS_00194,USER_99803,GRP_BUS_0019,통행시설물,점자블록,2,35.082893,129.112191,2025-03-02,도로과,이상혁,010-4455-6677,처리완료
REP_BUS_00195,USER_94886,GRP_BUS_0004,통행시설물,보도블록,3,35.101615,129.169617,2024-09-17,도로과,이상혁,010-4455-6677,처리완료
REP_BUS_00196,USER_99477,GRP_BUS_0013,휴게시설물,등받이없는벤치,1,35.084708,129.023486,2025-05-04,공원녹지과,김현수,010-2345-6789,처리완료
REP_BUS_00197,USER_46583,GRP_BUS_0012,휴게시설물,등받이있는벤치,1,35.145211,129.194141,2025-02-20,공원녹지과,김현수,010-2345-6789,처리진행중
REP_BUS_00198,USER_30290,GRP_BUS_0017,통행시설물,보도블록,2,35.123298,129.18648,2024-02-05,도로과,이상혁,010-4455-6677,처리완료
REP_BUS_00199,USER_82110,GRP_BUS_0010,통행시설물,보도블록,2,35.15509,129.165391,2025-06-16,도로과,이상혁,010-4455-6677,처리완료
REP_BUS_00200,USER_76209,GRP_BUS_0005,통행시설물,트랜치,2,35.110721,129.18252,2024-08-06,도로과,최정우,010-5678-1234,처리완료
REP_JEJ_00001,USER_59146,GRP_JEJ_0002,보호시설물,보호시설물볼라드,3,33.281913,126.363086,2024-02-25,시설관리과,박상현,010-9876-5432,처리완료
REP_JEJ_00002,USER_22577,GRP_JEJ_0008,보호시설물,보호시설물볼라드,2,33.326782,126.671949,2024-12-24,시설관리과,박상현,010-9876-5432,처리완료
REP_JEJ_00003,USER_36945,GRP_JEJ_0001,통행시설물,점자블록,3,33.372088,126.463753,2025-04-09,도로과,한지원,010-4321-6789,처리완료
REP_JEJ_00004,USER_53478,GRP_JEJ_0007,통행시설물,보도블록,2,33.48852,126.61184,2024-02-24,도로과,한지원,010-4321-6789,처리완료
REP_JEJ_00005,USER_39837,GRP_JEJ_0002,보호시설물,보호시설물볼라드,1,33.28185,126.363013,2025-08-24,시설관리과,박상현,010-9876-5432,처리완료
REP_JEJ_00006,USER_98250,GRP_JEJ_0007,통행시설물,보도블록,1,33.488469,126.611778,2024-12-19,도로과,한지원,010-4321-6789,처리완료
REP_JEJ_00007,USER_75907,GRP_JEJ_0001,통행시설물,점자블록,2,33.372091,126.463835,2024-04-14,도로과,한지원,010-4321-6789,처리완료
REP_JEJ_00008,USER_67367,GRP_JEJ_0005,휴게시설물,등받이없는벤치,2,33.25218,126.433344,2024-11-14,공원녹지과,송미경,010-1234-9876,처리완료
REP_JEJ_00009,USER_61248,GRP_JEJ_0007,통행시설물,보도블록,1,33.488556,126.611658,2025-07-30,도로과,한지원,010-4321-6789,처리완료
REP_JEJ_00010,USER_82754,GRP_JEJ_0005,휴게시설물,등받이없는벤치,2,33.252214,126.433313,2024-02-11,공원녹지과,송미경,010-1234-9876,처리완료
REP_JEJ_00011,USER_21157,GRP_JEJ_0002,보호시설물,보호시설물볼라드,2,33.281844,126.363092,2025-08-03,시설관리과,박상현,010-9876-5432,처리완료
REP_JEJ_00012,USER_94663,GRP_JEJ_0004,통행시설물,트랜치,2,33.499106,126.686636,2024-09-03,도로과,한지원,010-4321-6789,처리완료
REP_JEJ_00013,USER_97946,GRP_JEJ_0003,보호시설물,보호시설물볼라드,1,33.312631,126.405539,2024-08-16,시설관리과,박상현,010-9876-5432,처리진행중
REP_JEJ_00014,USER_48096,GRP_JEJ_0001,통행시설물,점자블록,2,33.372133,126.463898,2025-11-21,도로과,한지원,010-4321-6789,처리진행중
REP_JEJ_00015,USER_97988,GRP_JEJ_0002,보호시설물,보호시설물볼라드,2,33.281886,126.363017,2025-01-03,시설관리과,박상현,010-9876-5432,처리진행중
REP_JEJ_00016,USER_53036,GRP_JEJ_0004,통행시설물,트랜치,2,33.498977,126.686579,2024-12-21,도로과,한지원,010-4321-6789,처리진행중
REP_JEJ_00017,USER_32103,GRP_JEJ_0005,휴게시설물,등받이없는벤치,3,33.252161,126.433314,2024-12-19,공원녹지과,송미경,010-1234-9876,처리완료
REP_JEJ_00018,USER_27603,GRP_JEJ_0006,통행시설물,보도블록,3,33.473208,126.575206,2024-11-09,도로과,한지원,010-4321-6789,처리진행중
REP_JEJ_00019,USER_24264,GRP_JEJ_0006,통행시설물,보도블록,2,33.473335,126.575254,2024-12-08,도로과,한지원,010-4321-6789,처리완료
REP_JEJ_00020,USER_92132,GRP_JEJ_0002,보호시설물,보호시설물볼라드,1,33.282004,126.363149,2025-08-04,시설관리과,박상현,010-9876-5432,처리완료
REP_JEJ_00021,USER_87337,GRP_JEJ_0002,보호시설물,보호시설물볼라드,2,33.282014,126.363147,2025-09-17,시설관리과,박상현,010-9876-5432,처리완료
REP_JEJ_00022,USER_57948,GRP_JEJ_0001,통행시설물,점자블록,2,33.372073,126.46382,2025-11-30,도로과,한지원,010-4321-6789,처리완료
REP_JEJ_00023,USER_76900,GRP_JEJ_0004,통행시설물,트랜치,2,33.499135,126.686573,2024-06-16,도로과,한지원,010-4321-6789,처리완료
REP_JEJ_00024,USER_77388,GRP_JEJ_0007,통행시설물,보도블록,2,33.488464,126.611654,2025-10-20,도로과,한지원,010-4321-6789,처리완료
REP_JEJ_00025,USER_15297,GRP_JEJ_0008,보호시설물,보호시설물볼라드,3,33.326716,126.672003,2025-06-09,시설관리과,박상현,010-9876-5432,처리완료
REP_JEJ_00026,USER_77880,GRP_JEJ_0008,보호시설물,보호시설물볼라드,2,33.326731,126.671942,2024-03-14,시설관리과,박상현,010-9876-5432,처리완료
REP_JEJ_00027,USER_52476,GRP_JEJ_0007,통행시설물,보도블록,3,33.488485,126.611743,2024-03-11,도로과,한지원,010-4321-6789,처리완료
REP_JEJ_00028,USER_57880,GRP_JEJ_0005,휴게시설물,등받이없는벤치,2,33.252189,126.433337,2025-02-19,공원녹지과,송미경,010-1234-9876,처리진행중
REP_JEJ_00029,USER_55224,GRP_JEJ_0002,보호시설물,보호시설물볼라드,2,33.281939,126.363053,2025-07-12,시설관리과,박상현,010-9876-5432,처리완료
REP_JEJ_00030,USER_20104,GRP_JEJ_0008,보호시설물,보호시설물볼라드,1,33.326862,126.671891,2025-04-25,시설관리과,박상현,010-9876-5432,처리완료
REP_JEJ_00031,USER_25509,GRP_JEJ_0005,휴게시설물,등받이없는벤치,2,33.252064,126.433321,2025-10-08,공원녹지과,송미경,010-1234-9876,처리진행중
REP_JEJ_00032,USER_72786,GRP_JEJ_0004,통행시설물,트랜치,2,33.49904,126.686521,2025-06-07,도로과,한지원,010-4321-6789,처리완료
REP_JEJ_00033,USER_87640,GRP_JEJ_0003,보호시설물,보호시설물볼라드,1,33.312728,126.405577,2024-03-15,시설관리과,박상현,010-9876-5432,처리완료
REP_JEJ_00034,USER_33597,GRP_JEJ_0003,보호시설물,보호시설물볼라드,1,33.312725,126.405502,2024-03-28,시설관리과,박상현,010-9876-5432,처리완료
REP_JEJ_00035,USER_38389,GRP_JEJ_0007,통행시설물,보도블록,3,33.488511,126.611765,2024-11-16,도로과,한지원,010-4321-6789,처리완료
REP_JEJ_00036,USER_86368,GRP_JEJ_0008,보호시설물,보호시설물볼라드,1,33.326858,126.671924,2025-10-07,시설관리과,박상현,010-9876-5432,신고접수
REP_JEJ_00037,USER_88188,GRP_JEJ_0003,보호시설물,보호시설물볼라드,3,33.312723,126.405597,2025-01-15,시설관리과,박상현,010-9876-5432,처리진행중
REP_JEJ_00038,USER_76107,GRP_JEJ_0002,보호시설물,보호시설물볼라드,1,33.281881,126.363055,2024-02-16,시설관리과,박상현,010-9876-5432,처리진행중
REP_JEJ_00039,USER_88618,GRP_JEJ_0007,통행시설물,보도블록,3,33.488556,126.611773,2025-06-01,도로과,한지원,010-4321-6789,처리완료
REP_JEJ_00040,USER_65139,GRP_JEJ_0002,보호시설물,보호시설물볼라드,2,33.281854,126.363109,2025-11-25,시설관리과,박상현,010-9876-5432,처리완료
REP_JEJ_00041,USER_85513,GRP_JEJ_0001,통행시설물,점자블록,2,33.372102,126.463797,2025-02-24,도로과,한지원,010-4321-6789,처리완료
REP_JEJ_00042,USER_81267,GRP_JEJ_0007,통행시설물,보도블록,1,33.488418,126.611748,2024-04-25,도로과,한지원,010-4321-6789,처리완료
REP_JEJ_00043,USER_78126,GRP_JEJ_0005,휴게시설물,등받이없는벤치,2,33.25206,126.433426,2025-09-13,공원녹지과,송미경,010-1234-9876,처리완료
REP_JEJ_00044,USER_30287,GRP_JEJ_0007,통행시설물,보도블록,2,33.488522,126.61179,2025-03-24,도로과,한지원,010-4321-6789,처리완료
REP_JEJ_00045,USER_99208,GRP_JEJ_0005,휴게시설물,등받이없는벤치,1,33.252074,126.433391,2025-10-18,공원녹지과,송미경,010-1234-9876,처리완료
REP_JEJ_00046,USER_82733,GRP_JEJ_0004,통행시설물,트랜치,2,33.499039,126.686612,2024-08-01,도로과,한지원,010-4321-6789,처리완료
REP_JEJ_00047,USER_96413,GRP_JEJ_0005,휴게시설물,등받이없는벤치,3,33.25222,126.433399,2024-06-20,공원녹지과,송미경,010-1234-9876,처리완료
REP_JEJ_00048,USER_62502,GRP_JEJ_0004,통행시설물,트랜치,1,33.499046,126.686595,2024-05-12,도로과,한지원,010-4321-6789,처리완료
REP_JEJ_00049,USER_71822,GRP_JEJ_0001,통행시설물,점자블록,3,33.371995,126.463904,2024-05-03,도로과,한지원,010-4321-6789,처리진행중
REP_JEJ_00050,USER_60374,GRP_JEJ_0007,통행시설물,보도블록,2,33.488409,126.611705,2024-04-21,도로과,한지원,010-4321-6789,처리완료
